step,matrix,m,n,r_null,G_r_spectrum,G_stable_rank_G,G_alignment_GW,G_G_fro,G_energy_top,G_energy_mid,G_energy_tail,G_energy_top_rows,G_energy_tail_rows,G_pangle_Gtop_Wtop_mean,H_r_spectrum,H_stable_rank_G,H_alignment_GW,H_G_fro,H_energy_top,H_energy_mid,H_energy_tail,H_energy_top_rows,H_energy_tail_rows,H_pangle_Gtop_Wtop_mean,n_microbatch,snr_diag_median,snr_offdiag_median,spearman_absC_snr,sig_energy_diag,sig_energy_total,noise_energy,R_sigma_cross,snr_cross_diag_median,snr_cross_offdiag_median,spearman_absC_snr_cross,spearman_absC_split
10,model.layers.7.self_attn.q_proj.weight,4096,1024,0.000244140625,0.00014693077537231147,2.096404552459717,-0.00024316685448866338,0.7048267126083374,0.0007289870409294963,0.18099120259284973,0.2624260187149048,0.006830165162682533,0.5146777629852295,1.5364331007003784,0.014089892618358135,8.446123123168945,-0.01775471866130829,0.006931029260158539,0.025703154504299164,0.32728323340415955,0.19192476570606232,0.03674791008234024,0.43498659133911133,1.4901901483535767,8.0,0.0771494209766388,0.07229491323232651,0.8777185082435608,7.606018698425032e-06,0.0026920281816273928,0.5349346399307251,0.0028253859860512378,0.0007594695780426264,0.0006996148731559515,0.0020348243415355682,0.06814216822385788
10,model.layers.7.self_attn.k_proj.weight,512,1024,0.0009765625,0.0011211776873096824,3.153254508972168,-1.8078151242661988e-07,0.48850417137145996,0.0013701182324439287,0.15267062187194824,0.25003987550735474,0.02892051637172699,0.7015094757080078,1.3346956968307495,0.0028881425969302654,8.215184211730957,0.005601750686764717,0.0023539757821708918,0.002170277526602149,0.28957563638687134,0.19191114604473114,0.018450656905770302,0.48393169045448303,1.3285884857177734,,,,,,,,,,,,
10,model.layers.7.self_attn.v_proj.weight,512,1024,0.0009765625,0.0007548847352154553,1.678785800933838,-0.00014442559040617198,1.0540046691894531,0.0004993497859686613,0.13811258971691132,0.23308320343494415,0.0035482964012771845,0.7480422258377075,1.4636934995651245,0.0019122741650789976,6.644076824188232,-0.005370699800550938,0.00233042286708951,0.00046116142766550183,0.18895483016967773,0.23377756774425507,0.007563253864645958,0.6723445653915405,1.42142915725708,,,,,,,,,,,,
10,model.layers.7.self_attn.o_proj.weight,1024,2048,0.00048828125,0.00023040853557176888,1.7572389841079712,-4.698594057117589e-05,1.7876850366592407,5.535614036489278e-05,0.11570311337709427,0.4180280268192291,0.01899324357509613,0.6168774366378784,1.4305516481399536,0.0076700421050190926,5.739504337310791,-0.012567930854856968,0.00479865912348032,0.006224498152732849,0.23225805163383484,0.27269697189331055,0.028434766456484795,0.43501511216163635,1.3767225742340088,,,,,,,,,,,,
10,model.layers.15.self_attn.q_proj.weight,4096,1024,0.000244140625,0.00015692833403591067,2.911616086959839,-0.00039255773299373686,0.8873975872993469,0.00028643038240261376,0.20713484287261963,0.2448441982269287,0.004111953545361757,0.45727455615997314,1.5440285205841064,0.011804609559476376,8.079757690429688,-0.004204545170068741,0.007222871761769056,0.016064463183283806,0.30810171365737915,0.20702239871025085,0.028858911246061325,0.4187416732311249,1.4952226877212524,8.0,0.06885497272014618,0.07057224959135056,0.8778746724128723,3.2264472338283667e-06,0.0036414130590856075,0.9758750200271606,0.0008860426382494925,0.00015978225565049797,0.0005289422697387636,0.005858864635229111,0.06037507951259613
10,model.layers.15.self_attn.k_proj.weight,512,1024,0.0009765625,0.0008594231912866235,4.928390979766846,3.7576262457150733e-06,0.8093001246452332,6.880982255097479e-05,0.2217862755060196,0.25631627440452576,0.003432987490668893,0.5877349972724915,1.4690933227539062,0.002362153260037303,9.545729637145996,-0.00936031062155962,0.002435642294585705,0.0005369583959691226,0.283542662858963,0.21633069217205048,0.009707066230475903,0.46758633852005005,1.4166792631149292,,,,,,,,,,,,
10,model.layers.15.self_attn.v_proj.weight,512,1024,0.0009765625,0.0010325624607503414,1.6238809823989868,0.0002352702576899901,1.032060146331787,2.4479624698869884e-05,0.2314377725124359,0.24700868129730225,0.002388905268162489,0.5937685966491699,1.480313777923584,0.00344883743673563,5.569333076477051,-0.0016493547009304166,0.0024420656263828278,0.00030878448160365224,0.23757608234882355,0.2361130565404892,0.006551537662744522,0.579120397567749,1.4269572496414185,,,,,,,,,,,,
10,model.layers.15.self_attn.o_proj.weight,1024,2048,0.00048828125,0.00047577221994288266,1.5708706378936768,8.807433914626017e-05,1.628528118133545,4.624400389729999e-05,0.09138784557580948,0.45667579770088196,0.018524646759033203,0.574949324131012,1.4320417642593384,0.007387746125459671,5.878820419311523,0.010644719004631042,0.005037706810981035,0.004048427101224661,0.24695685505867004,0.27478426694869995,0.025274937972426414,0.48274433612823486,1.4232052564620972,,,,,,,,,,,,
10,model.layers.19.self_attn.q_proj.weight,4096,1024,0.000244140625,0.00023689752561040223,2.8276326656341553,-0.0016165787819772959,0.56345134973526,0.0012305290438234806,0.20223794877529144,0.2513602674007416,0.013810691423714161,0.45590171217918396,1.5305665731430054,0.010724249295890331,7.818456649780273,-0.02105889469385147,0.007175637874752283,0.014953573234379292,0.30012276768684387,0.21832267940044403,0.030149048194289207,0.42159754037857056,1.4985116720199585,8.0,0.07598276436328888,0.07137483358383179,0.8705799579620361,2.172654785681516e-05,0.0035054562613368034,0.4436952769756317,0.006197922962681541,0.006590312346816063,0.0013607591390609741,0.014308219775557518,0.08924196660518646
10,model.layers.19.self_attn.k_proj.weight,512,1024,0.0009765625,0.0011261467589065433,3.1716575622558594,-9.466685696679633e-06,0.5581908822059631,0.0006619165651500225,0.23992404341697693,0.22953039407730103,0.014675013720989227,0.5723547339439392,1.3268141746520996,0.0020372967701405287,7.555172920227051,-0.003929401282221079,0.0025227603036910295,0.000822736881673336,0.28515204787254333,0.2068946212530136,0.019994674250483513,0.4485100507736206,1.305039882659912,,,,,,,,,,,,
10,model.layers.19.self_attn.v_proj.weight,512,1024,0.0009765625,0.0007477552280761302,1.5008952617645264,0.002440422074869275,0.5306758880615234,0.0035364532377570868,0.15780529379844666,0.2515501081943512,0.012081271968781948,0.6335790157318115,1.429307222366333,0.005453228484839201,4.696197986602783,-0.014764218591153622,0.0025214217603206635,0.0038918801583349705,0.23095166683197021,0.2630837857723236,0.011809802614152431,0.5743170976638794,1.4272526502609253,,,,,,,,,,,,
10,model.layers.19.self_attn.o_proj.weight,1024,2048,0.00048828125,0.0006665014661848545,1.3390811681747437,0.0007036876049824059,1.0945152044296265,5.7290428230771795e-05,0.05579297989606857,0.577511191368103,0.005552923306822777,0.699773907661438,1.4659738540649414,0.011725081130862236,7.794175148010254,-0.006432731635868549,0.00508361030369997,0.003137730760499835,0.2557080090045929,0.2864234149456024,0.016309544444084167,0.5259894728660583,1.4350159168243408,,,,,,,,,,,,
10,model.layers.1.mlp.gate_proj.weight,3584,1024,0.00027901785714285713,0.0004520286456681788,3.030099391937256,-0.0008461831021122634,0.5507969856262207,0.0003245464467909187,0.1673310548067093,0.30514809489250183,0.007757115177810192,0.5244910717010498,1.5163259506225586,0.009869541972875595,11.073325157165527,0.01672317646443844,0.005847494583576918,0.003065710188820958,0.308444619178772,0.22838477790355682,0.011621893383562565,0.4723902642726898,1.5109773874282837,,,,,,,,,,,,
10,model.layers.1.mlp.up_proj.weight,3584,1024,0.00027901785714285713,0.0002948815526906401,2.5085651874542236,-7.198283128673211e-05,0.9991798400878906,9.385704470332712e-05,0.15061500668525696,0.3466299772262573,0.008762127719819546,0.5142137408256531,1.5123813152313232,0.00359996291808784,9.624374389648438,-0.0019197837682440877,0.0057466356083750725,0.0012358552776277065,0.27201953530311584,0.23592492938041687,0.01006194856017828,0.48751553893089294,1.5123827457427979,,,,,,,,,,,,
10,model.layers.1.mlp.down_proj.weight,1024,3584,0.00027901785714285713,0.0002697636082302779,5.060656547546387,-6.639961793553084e-05,1.0508930683135986,0.0007191754993982613,0.15072178840637207,0.3378133475780487,0.010680810548365116,0.6349703073501587,1.457204818725586,0.004386594984680414,11.24201774597168,0.017665281891822815,0.005775484722107649,0.001462121494114399,0.25177833437919617,0.25671252608299255,0.014581807889044285,0.5033035278320312,1.4372478723526,8.0,0.07207979261875153,0.07558416575193405,0.8848620653152466,8.703225830686279e-06,0.02510646916925907,2.2871909141540527,0.00034665272014205425,0.00436829961836338,0.0026191917713731527,0.0052246819250285625,0.07583792507648468
10,model.layers.12.mlp.gate_proj.weight,3584,1024,0.00027901785714285713,0.00023957733355928212,2.280592441558838,-0.0011256915749982,0.7519435286521912,0.000802442489657551,0.18081137537956238,0.250999391078949,0.007094504311680794,0.5670533180236816,1.525553584098816,0.006506229750812054,7.296522617340088,0.015117242000997066,0.006494103465229273,0.0031833744142204523,0.29732397198677063,0.20941822230815887,0.01274679135531187,0.46794024109840393,1.5110262632369995,,,,,,,,,,,,
10,model.layers.12.mlp.up_proj.weight,3584,1024,0.00027901785714285713,0.00027586944634094834,2.127403497695923,-0.0003527033550199121,1.3030085563659668,0.00038864905945956707,0.20375041663646698,0.2727825343608856,0.009760011918842793,0.5169917345046997,1.5168612003326416,0.0037079660687595606,6.490503787994385,0.010185029357671738,0.006503344513475895,0.0017534581711515784,0.2769624590873718,0.21585246920585632,0.01315948273986578,0.4846089482307434,1.5071051120758057,,,,,,,,,,,,
10,model.layers.12.mlp.down_proj.weight,1024,3584,0.00027901785714285713,0.00025807027122937143,3.6712310314178467,-0.0003476699348539114,1.3688104152679443,9.374834917252883e-05,0.17303752899169922,0.32967913150787354,0.01602906361222267,0.5918934345245361,1.4345862865447998,0.003164727706462145,8.229952812194824,0.004834764637053013,0.006472529843449593,0.0012969435192644596,0.2467889040708542,0.2563558518886566,0.019023556262254715,0.49754828214645386,1.4113399982452393,8.0,0.07077565789222717,0.07351122796535492,0.8954790830612183,-2.121175202773884e-05,0.029513873159885406,3.6111464500427246,-0.0007187044517277853,-0.00470814248546958,0.0012450475478544831,0.00793722365051508,0.05974245443940163
10,model.layers.22.mlp.gate_proj.weight,3584,1024,0.00027901785714285713,0.0003469101502560079,1.7790319919586182,-0.0002572732337284833,0.4194289743900299,0.0007274731760844588,0.15051600337028503,0.28123974800109863,0.005489203613251448,0.5783326029777527,1.523695945739746,0.011181383393704891,7.117478370666504,0.005192865151911974,0.006714324001222849,0.005248086992651224,0.29535457491874695,0.2273051142692566,0.014865518547594547,0.45927688479423523,1.5062919855117798,,,,,,,,,,,,
10,model.layers.22.mlp.up_proj.weight,3584,1024,0.00027901785714285713,0.00019813886319752783,1.7657338380813599,0.0010812545660883188,0.9394689798355103,0.0011275180149823427,0.16576820611953735,0.2980528771877289,0.015247861854732037,0.562359094619751,1.5067111253738403,0.004179668612778187,7.07025146484375,-0.0056930347345769405,0.006529001519083977,0.0028841164894402027,0.24282903969287872,0.25189757347106934,0.0180486012250185,0.4880986213684082,1.483880877494812,,,,,,,,,,,,
10,model.layers.22.mlp.down_proj.weight,1024,3584,0.00027901785714285713,0.0005749348201788962,1.8032749891281128,0.001191735384054482,0.9322183132171631,0.0005174166872166097,0.09215835481882095,0.42647039890289307,0.010064475238323212,0.5711444616317749,1.4551761150360107,0.004065358079969883,6.932694911956787,-0.0019756050314754248,0.006437172647565603,0.0015482770977541804,0.2340230792760849,0.2708331346511841,0.011836846359074116,0.5277237892150879,1.451431155204773,8.0,0.07671003043651581,0.07470803707838058,0.8489603400230408,7.789308438077569e-05,0.017909176647663116,2.038853168487549,0.004349339219396196,0.0018440980929881334,0.00036299225757829845,-0.008004497736692429,0.13404059410095215
10,model.layers.1.linear_attn.in_proj_qkv.weight,6144,1024,0.00016276041666666666,0.00012443751620594412,2.3469078540802,0.00012187931861262769,0.4843355715274811,0.0009775619255378842,0.16732127964496613,0.28497034311294556,0.007824168540537357,0.5273040533065796,1.5379530191421509,0.012039014138281345,18.438499450683594,-0.021697133779525757,0.007973437197506428,0.008066773414611816,0.3553529679775238,0.22451438009738922,0.017417144030332565,0.442987322807312,1.522891879081726,8.0,0.07674873620271683,0.07078084349632263,0.8924999833106995,6.081441483729577e-08,0.0010854169959202409,0.21772676706314087,5.6028618554784974e-05,0.0006899351137690246,0.0006662220694124699,-0.006333755329251289,0.045630667358636856
10,model.layers.1.linear_attn.out_proj.weight,1024,2048,0.00048828125,0.00022277816606219858,1.290030837059021,0.00018188437388744205,1.3346054553985596,0.0005626546335406601,0.08240339905023575,0.4544501006603241,0.0144211295992136,0.6123664379119873,1.4518324136734009,0.009292014874517918,17.1434383392334,0.0012768101878464222,0.004644483793526888,0.009888001717627048,0.25996607542037964,0.23896445333957672,0.02541509084403515,0.4922126531600952,1.415159821510315,,,,,,,,,,,,
10,model.layers.12.linear_attn.in_proj_qkv.weight,6144,1024,0.00016276041666666666,6.831899372627959e-05,1.859128713607788,-0.00018659370834939182,0.8018254637718201,0.000359994824975729,0.14989669620990753,0.27330973744392395,0.0027625630609691143,0.6143748760223389,1.5519059896469116,0.01613462157547474,7.553139686584473,0.01002960093319416,0.008729271590709686,0.015640001744031906,0.39590948820114136,0.2006688266992569,0.024862073361873627,0.4103371202945709,1.5184520483016968,8.0,0.07904338836669922,0.0828971415758133,0.873404860496521,4.692031779995887e-06,0.01086890883743763,0.34131908416748047,0.0004316929923852452,0.0005422212416306138,0.005085335578769445,0.0020129652693867683,0.12672607600688934
10,model.layers.12.linear_attn.out_proj.weight,1024,2048,0.00048828125,0.00031828347709961236,2.1179914474487305,0.0001435687590856105,1.1258047819137573,6.386642053257674e-05,0.1483883410692215,0.3668138384819031,0.0161282978951931,0.5960130095481873,1.4253135919570923,0.005403615068644285,6.554431438446045,0.000558009254746139,0.004929348826408386,0.002404929371550679,0.24649441242218018,0.25861233472824097,0.019111856818199158,0.5066792368888855,1.408352255821228,,,,,,,,,,,,
10,model.layers.21.linear_attn.in_proj_qkv.weight,6144,1024,0.00016276041666666666,0.00010350385127821937,2.346625328063965,6.12948315392714e-06,0.23786085844039917,0.0007638937095180154,0.1927689015865326,0.23221367597579956,0.006645725574344397,0.5073151588439941,1.5389845371246338,0.028427738696336746,9.171566009521484,0.0342257022857666,0.008685619570314884,0.026962706819176674,0.4061312973499298,0.21912513673305511,0.03711685538291931,0.3839145302772522,1.5002483129501343,8.0,0.0749952495098114,0.07129627466201782,0.8786378502845764,-8.985850286080677e-07,-0.0009449573699384928,0.04680454730987549,,-0.0021095715928822756,-0.0020686169154942036,0.0031111654825508595,0.07666920870542526
10,model.layers.21.linear_attn.out_proj.weight,1024,2048,0.00048828125,0.0004611901822499931,2.020709991455078,0.0003897510759998113,0.5937153697013855,0.0001367293152725324,0.11692091077566147,0.407178670167923,0.005461475811898708,0.5930798649787903,1.4760783910751343,0.006149102468043566,4.933025360107422,0.008008921518921852,0.004729011561721563,0.001428340096026659,0.23850062489509583,0.2712661027908325,0.011191882193088531,0.5182266235351562,1.4647314548492432,,,,,,,,,,,,
20,model.layers.7.self_attn.q_proj.weight,4096,1024,0.000244140625,0.0001473931479267776,2.154470920562744,-0.0003428264462854713,0.6253506541252136,0.0009462802554480731,0.18124356865882874,0.2550705373287201,0.007295531220734119,0.5062739253044128,1.5357784032821655,0.021013902500271797,7.464160919189453,-0.005000414326786995,0.005450185388326645,0.021197477355599403,0.3847292363643646,0.17995436489582062,0.032088134437799454,0.40221071243286133,1.4956117868423462,8.0,0.08176354318857193,0.07358106225728989,0.89276123046875,1.4570486200682353e-05,0.006802151910960674,0.37503573298454285,0.0021420406940933123,0.004725545644760132,0.0023739798925817013,0.01607540063560009,0.0732126533985138
20,model.layers.7.self_attn.k_proj.weight,512,1024,0.0009765625,0.0019216699292883277,3.5678436756134033,1.4569254744856153e-06,0.45728200674057007,0.006094186566770077,0.17248649895191193,0.22828678786754608,0.039915781468153,0.6511979699134827,1.3199394941329956,0.0035167138557881117,10.87585735321045,0.0008189157815650105,0.0018981340108439326,0.0013994412729516625,0.29151737689971924,0.1867435723543167,0.019857116043567657,0.49220529198646545,1.3396415710449219,,,,,,,,,,,,
20,model.layers.7.self_attn.v_proj.weight,512,1024,0.0009765625,0.0008499342948198318,1.6271038055419922,-0.0011315386509522796,0.9966760873794556,0.0007402427727356553,0.1123107522726059,0.25309330224990845,0.005601965356618166,0.7954686880111694,1.4429527521133423,0.0038149962201714516,5.374763011932373,0.009291939437389374,0.0018235811730846763,0.0007043114746920764,0.19503702223300934,0.22857242822647095,0.0073729283176362514,0.6799347996711731,1.4314072132110596,,,,,,,,,,,,
20,model.layers.7.self_attn.o_proj.weight,1024,2048,0.00048828125,0.00028402748284861445,1.7307374477386475,-0.00041180645348504186,1.4663708209991455,7.322066812776029e-05,0.12134528160095215,0.39944928884506226,0.028330039232969284,0.5821397304534912,1.396531343460083,0.016375305131077766,5.017570972442627,-0.0031847951468080282,0.003716002684086561,0.021824171766638756,0.25619542598724365,0.25673553347587585,0.0449199415743351,0.4108160138130188,1.3571985960006714,,,,,,,,,,,,
20,model.layers.15.self_attn.q_proj.weight,4096,1024,0.000244140625,0.00014266649668570608,3.3002140522003174,3.361515700817108e-05,0.7439653873443604,0.000312632299028337,0.2195766717195511,0.23161625862121582,0.004093384835869074,0.4223218560218811,1.5442442893981934,0.024186786264181137,8.410977363586426,-0.053858593106269836,0.005674524698406458,0.03512568399310112,0.34065085649490356,0.19227974116802216,0.04817202687263489,0.3829469382762909,1.4764677286148071,8.0,0.06162950396537781,0.06831016391515732,0.8932472467422485,9.502258762950078e-06,0.005061792209744453,0.7108975648880005,0.001877251844644528,0.0009659400675445795,0.0012456992408260703,-0.011795790866017342,0.047754865139722824
20,model.layers.15.self_attn.k_proj.weight,512,1024,0.0009765625,0.0008167273481376469,4.998252868652344,6.451301032939227e-06,0.7064951062202454,8.009583689272404e-05,0.22935214638710022,0.24715863168239594,0.004068268463015556,0.5884299874305725,1.4540103673934937,0.004019252955913544,9.730791091918945,-0.003985338844358921,0.0018709524301812053,0.001344776595942676,0.2920911908149719,0.20867972075939178,0.01035634707659483,0.46995195746421814,1.428301453590393,,,,,,,,,,,,
20,model.layers.15.self_attn.v_proj.weight,512,1024,0.0009765625,0.0009094306733459234,1.7415070533752441,-0.0015005795285105705,0.6682305335998535,7.236830424517393e-05,0.19363436102867126,0.26033613085746765,0.004588516894727945,0.6613882780075073,1.462536096572876,0.004767903592437506,5.028036594390869,-0.004700751043856144,0.0019369202200323343,0.0006370155606418848,0.2401307225227356,0.23479798436164856,0.008530939929187298,0.5846940279006958,1.4215062856674194,,,,,,,,,,,,
20,model.layers.15.self_attn.o_proj.weight,1024,2048,0.00048828125,0.0005105744930915534,1.6891446113586426,-0.0005103200091980398,1.1711561679840088,2.8616912459256127e-05,0.08169638365507126,0.5076370239257812,0.009297406300902367,0.6382648944854736,1.4495776891708374,0.014614738523960114,5.081953048706055,-0.003954772371798754,0.00402108347043395,0.0055068787187337875,0.27428990602493286,0.26132336258888245,0.025239158421754837,0.4551393985748291,1.3892561197280884,,,,,,,,,,,,
20,model.layers.19.self_attn.q_proj.weight,4096,1024,0.000244140625,0.0001879151095636189,2.6467199325561523,-0.0005484844441525638,0.4907510280609131,0.0002996993134729564,0.21932658553123474,0.22885847091674805,0.006738842930644751,0.408913791179657,1.5265127420425415,0.019286474213004112,7.513634204864502,0.008514444343745708,0.005727829411625862,0.03956902399659157,0.32987841963768005,0.19909344613552094,0.05525996536016464,0.3857063949108124,1.4607347249984741,8.0,0.07196464389562607,0.0698150098323822,0.8700167536735535,-2.414550181129016e-06,0.004425627179443836,0.36874470114707947,-0.00054558372931731,0.0004138047224842012,0.001967821968719363,0.0029401432257145643,0.0882929340004921
20,model.layers.19.self_attn.k_proj.weight,512,1024,0.0009765625,0.0010071807773783803,2.9595024585723877,-9.159705314232269e-07,0.5254018306732178,0.00038768246304243803,0.2403315156698227,0.22755372524261475,0.01566123589873314,0.5710076093673706,1.318657636642456,0.004783534444868565,9.234631538391113,-0.017619745805859566,0.001999656204134226,0.000307567446725443,0.29166650772094727,0.19782176613807678,0.026313213631510735,0.44046497344970703,1.2616342306137085,,,,,,,,,,,,
20,model.layers.19.self_attn.v_proj.weight,512,1024,0.0009765625,0.000687271065544337,1.578715205192566,-0.00015784920833539218,0.44802168011665344,0.0023200165014714003,0.17494632303714752,0.2320546656847,0.010687310248613358,0.6146681904792786,1.4074184894561768,0.006730112712830305,4.689175128936768,-0.0013445984805002809,0.001987982075661421,0.0017724302597343922,0.2543421983718872,0.26074039936065674,0.009830811992287636,0.567179262638092,1.4127750396728516,,,,,,,,,,,,
20,model.layers.19.self_attn.o_proj.weight,1024,2048,0.00048828125,0.0005629401421174407,1.4850102663040161,-5.301740384311415e-05,0.8044178485870361,0.00012079625594196841,0.07998303323984146,0.5098615288734436,0.01013229414820671,0.6465009450912476,1.4544187784194946,0.019018927589058876,6.8446946144104,-0.02158203534781933,0.004066867753863335,0.006113669369369745,0.2922019362449646,0.26787349581718445,0.02003295347094536,0.4914001226425171,1.4418901205062866,,,,,,,,,,,,
20,model.layers.1.mlp.gate_proj.weight,3584,1024,0.00027901785714285713,0.001335856388323009,2.9872984886169434,-0.000597235863097012,0.42821812629699707,0.00036310849827714264,0.16915607452392578,0.3112422823905945,0.007251715287566185,0.5368494987487793,1.5175355672836304,0.018354153260588646,21.142168045043945,0.039779022336006165,0.004552310332655907,0.007032167632132769,0.336951345205307,0.2281367927789688,0.0159070435911417,0.4527577757835388,1.5053147077560425,,,,,,,,,,,,
20,model.layers.1.mlp.up_proj.weight,3584,1024,0.00027901785714285713,0.00027555128326639533,2.5047378540039062,-0.00018531025853008032,0.7743289470672607,9.14666525204666e-05,0.14757229387760162,0.3490874767303467,0.009114493615925312,0.5138704776763916,1.510382056236267,0.006796658039093018,16.140012741088867,-0.0029118945822119713,0.004476071801036596,0.004315266851335764,0.28160688281059265,0.23946908116340637,0.013220504857599735,0.48498693108558655,1.5107649564743042,,,,,,,,,,,,
20,model.layers.1.mlp.down_proj.weight,1024,3584,0.00027901785714285713,0.0002428073639748618,4.6997551918029785,-0.00017939925601240247,0.7952848076820374,0.0004992125905118883,0.16068607568740845,0.3200210928916931,0.01150430552661419,0.6158350110054016,1.4383482933044434,0.006959912832826376,22.537033081054688,-0.005761077161878347,0.004469455685466528,0.0021367266308516264,0.2626819312572479,0.2595618665218353,0.015553555451333523,0.49828454852104187,1.4314345121383667,8.0,0.0745190978050232,0.06966467201709747,0.9047414064407349,1.3999009752296843e-05,0.02044462040066719,1.3032958507537842,0.0006847282795155247,0.005747718270868063,0.002453320426866412,0.004056644160300493,0.05206826701760292
20,model.layers.12.mlp.gate_proj.weight,3584,1024,0.00027901785714285713,0.0001997590297833085,2.3082151412963867,-0.00046841424773447216,0.6232837438583374,0.0006877617561258376,0.1629168540239334,0.2679813802242279,0.0056770844385027885,0.5984581112861633,1.5234501361846924,0.009517639875411987,7.163129806518555,0.0163380466401577,0.00502023845911026,0.0032678083516657352,0.329210102558136,0.20295093953609467,0.013123372569680214,0.4513602554798126,1.5054068565368652,,,,,,,,,,,,
20,model.layers.12.mlp.up_proj.weight,3584,1024,0.00027901785714285713,0.00028768577612936497,2.282407283782959,-1.6471654816996306e-05,1.035964012145996,0.00022329510829877108,0.20903202891349792,0.26461219787597656,0.006086030509322882,0.4956080913543701,1.5143884420394897,0.006682494655251503,6.6849799156188965,-0.004986720159649849,0.004978151526302099,0.0028711222112178802,0.2899205684661865,0.2187780737876892,0.012144653126597404,0.4759190082550049,1.504343867301941,,,,,,,,,,,,
20,model.layers.12.mlp.down_proj.weight,1024,3584,0.00027901785714285713,0.0002511638740543276,4.667081832885742,-1.5216038264043164e-05,1.0455158948898315,0.00040925314533524215,0.1785963922739029,0.3144574463367462,0.03256121277809143,0.5622950792312622,1.399431824684143,0.005277903284877539,9.447256088256836,0.00016686417802702636,0.004902745131403208,0.0017160354182124138,0.26290035247802734,0.25220787525177,0.023318765684962273,0.4795057773590088,1.3889354467391968,8.0,0.06694179773330688,0.07245179265737534,0.9118716716766357,2.714881338761188e-05,0.04321711137890816,2.035365581512451,0.0006281959279874891,0.0008095832890830934,0.0033159940503537655,0.010551273822784424,0.05076175555586815
20,model.layers.22.mlp.gate_proj.weight,3584,1024,0.00027901785714285713,0.00022762083972338587,2.6735403537750244,-0.0006112729315645993,0.3300707936286926,0.0015922129387035966,0.17864924669265747,0.2603994309902191,0.011389200575649738,0.5378798842430115,1.513193964958191,0.017036128789186478,7.014822959899902,0.009293784387409687,0.005373739171773195,0.00905858539044857,0.3267933130264282,0.22596785426139832,0.0186595618724823,0.43836069107055664,1.5026882886886597,,,,,,,,,,,,
20,model.layers.22.mlp.up_proj.weight,3584,1024,0.00027901785714285713,0.0002544328453950584,2.3816795349121094,-0.00042044155998155475,0.7913960218429565,0.0009776927763596177,0.16893018782138824,0.3006035387516022,0.01394567359238863,0.563995897769928,1.5035918951034546,0.006962808780372143,6.699488162994385,0.004511898383498192,0.005231479648500681,0.0038877935148775578,0.2535251975059509,0.2560180723667145,0.017925994470715523,0.485096275806427,1.4890397787094116,,,,,,,,,,,,
20,model.layers.22.mlp.down_proj.weight,1024,3584,0.00027901785714285713,0.0004555311461444944,2.0894618034362793,-0.00047010189155116677,0.7721302509307861,9.618673357181251e-05,0.09863410145044327,0.4095447361469269,0.005236184224486351,0.5579938888549805,1.4645391702651978,0.006268780212849379,6.411738395690918,0.003464086214080453,0.005154265556484461,0.004693745635449886,0.24859952926635742,0.26008161902427673,0.014366365037858486,0.5059891939163208,1.464037299156189,8.0,0.07273413985967636,0.06900250166654587,0.8481212854385376,7.804470078554004e-05,0.014392639510333538,1.6183340549468994,0.0054225425940464915,0.0050650704652071,0.0010010487167164683,-0.012749101035296917,0.1242406964302063
20,model.layers.1.linear_attn.in_proj_qkv.weight,6144,1024,0.00016276041666666666,0.00015286149573512375,2.7542853355407715,-0.0003962549671996385,0.39197272062301636,0.0005369241698645055,0.18288516998291016,0.2715935707092285,0.005631157662719488,0.5238129496574402,1.538341760635376,0.019174400717020035,20.05435562133789,-0.004432112444192171,0.006359277293086052,0.006648965645581484,0.3992268443107605,0.22876431047916412,0.015223941765725613,0.42107781767845154,1.519155502319336,8.0,0.07632075250148773,0.07160891592502594,0.8889576196670532,5.7345523600815795e-06,0.0008383286185562611,0.15482908487319946,0.006840458780898374,0.0007898120093159378,0.001082565519027412,0.0012132899137213826,0.04367699474096298
20,model.layers.1.linear_attn.out_proj.weight,1024,2048,0.00048828125,0.00020881845557596534,1.2717922925949097,-0.00010750786168500781,1.0097692012786865,0.00039540656143799424,0.08822675794363022,0.43487170338630676,0.011276327073574066,0.5922759771347046,1.424501895904541,0.012905889190733433,18.50181770324707,0.0023174609523266554,0.0036360290832817554,0.009073315188288689,0.28029605746269226,0.23228831589221954,0.026002483442425728,0.47740378975868225,1.3888866901397705,,,,,,,,,,,,
20,model.layers.12.linear_attn.in_proj_qkv.weight,6144,1024,0.00016276041666666666,7.90879494161345e-05,1.759077548980713,-6.526244305860018e-06,0.6911896467208862,0.0006481549935415387,0.14972198009490967,0.26625433564186096,0.003700877772644162,0.5829911231994629,1.551392912864685,0.03482282906770706,7.646235942840576,0.023011423647403717,0.0068910387344658375,0.03640773892402649,0.47662466764450073,0.17526011168956757,0.0446612685918808,0.3419998586177826,1.492235779762268,8.0,0.08884479105472565,0.08472947776317596,0.8835890293121338,1.9602761312853545e-05,0.015476197004318237,0.21723221242427826,0.0012666394274629545,0.017886150628328323,0.011936518363654613,0.01946447603404522,0.11423075944185257
20,model.layers.12.linear_attn.out_proj.weight,1024,2048,0.00048828125,0.0003503554326016456,2.1930177211761475,0.0003819788689725101,0.889426052570343,0.00017616039258427918,0.14680899679660797,0.36018168926239014,0.03933018818497658,0.5734865069389343,1.4097094535827637,0.011538398452103138,6.444051265716553,-0.006558764725923538,0.003770912531763315,0.0067686038091778755,0.2589559555053711,0.25292596220970154,0.03170965611934662,0.4930334985256195,1.380867600440979,,,,,,,,,,,,
20,model.layers.21.linear_attn.in_proj_qkv.weight,6144,1024,0.00016276041666666666,8.259658352471888e-05,2.2658886909484863,-0.00021497884881682694,0.23671811819076538,0.0003412351943552494,0.18064509332180023,0.2417992651462555,0.0040274737402796745,0.5263215899467468,1.5446332693099976,0.03582466393709183,8.762117385864258,0.01496091391891241,0.006961624138057232,0.021663516759872437,0.46548205614089966,0.2166433185338974,0.0311100035905838,0.3571826219558716,1.5010133981704712,8.0,0.07323853671550751,0.07842377573251724,0.8789862990379333,9.30897272155562e-07,0.001580071053467691,0.041818443685770035,0.000589148994352232,0.0018039295682683587,0.0059017338789999485,0.00297365034930408,0.08466380089521408
20,model.layers.21.linear_attn.out_proj.weight,1024,2048,0.00048828125,0.00043946082587353885,2.2881712913513184,3.680206282297149e-05,0.46046385169029236,0.0002315962774446234,0.12730854749679565,0.388311505317688,0.007414048071950674,0.5752907991409302,1.476373553276062,0.01219040434807539,4.311951160430908,0.016629379242658615,0.0037768513429909945,0.004299357067793608,0.2523067593574524,0.2697986960411072,0.013607663102447987,0.5145826935768127,1.4648778438568115,,,,,,,,,,,,
