run,ckpt,matrix,m,n,disp_fro,w0_fro,rel_disp
v4_rlvr_lrscale_a2_lr0.1_s0,/scratch/rhong5/spectral_runs/v4_rlvr_lrscale_a2_lr0.1_s0/ckpt_000300,model.layers.0.linear_attn.out_proj.weight,1024,2048,0.0019739335402846336,17.915380477905273,0.00011018094439685785
v4_rlvr_lrscale_a2_lr0.1_s0,/scratch/rhong5/spectral_runs/v4_rlvr_lrscale_a2_lr0.1_s0/ckpt_000300,model.layers.0.linear_attn.in_proj_qkv.weight,6144,1024,0.011712715961039066,41.524749755859375,0.0002820659011770766
v4_rlvr_lrscale_a2_lr0.1_s0,/scratch/rhong5/spectral_runs/v4_rlvr_lrscale_a2_lr0.1_s0/ckpt_000300,model.layers.0.linear_attn.in_proj_z.weight,2048,1024,0.004422757308930159,25.05157470703125,0.00017654607986334762
v4_rlvr_lrscale_a2_lr0.1_s0,/scratch/rhong5/spectral_runs/v4_rlvr_lrscale_a2_lr0.1_s0/ckpt_000300,model.layers.0.linear_attn.in_proj_b.weight,16,1024,0.00014776043826714158,2.2407264709472656,6.594309487702707e-05
v4_rlvr_lrscale_a2_lr0.1_s0,/scratch/rhong5/spectral_runs/v4_rlvr_lrscale_a2_lr0.1_s0/ckpt_000300,model.layers.0.linear_attn.in_proj_a.weight,16,1024,0.0001070731450454332,4.82482385635376,2.2192135554219186e-05
v4_rlvr_lrscale_a2_lr0.1_s0,/scratch/rhong5/spectral_runs/v4_rlvr_lrscale_a2_lr0.1_s0/ckpt_000300,model.layers.0.mlp.gate_proj.weight,3584,1024,0.023992156609892845,23.213136672973633,0.0010335594429953191
v4_rlvr_lrscale_a2_lr0.1_s0,/scratch/rhong5/spectral_runs/v4_rlvr_lrscale_a2_lr0.1_s0/ckpt_000300,model.layers.0.mlp.up_proj.weight,3584,1024,0.011642931960523129,16.39203643798828,0.0007102797754610172
v4_rlvr_lrscale_a2_lr0.1_s0,/scratch/rhong5/spectral_runs/v4_rlvr_lrscale_a2_lr0.1_s0/ckpt_000300,model.layers.0.mlp.down_proj.weight,1024,3584,0.012053915299475193,16.277727127075195,0.0007405158721100308
v4_rlvr_lrscale_a2_lr0.1_s0,/scratch/rhong5/spectral_runs/v4_rlvr_lrscale_a2_lr0.1_s0/ckpt_000300,model.layers.1.linear_attn.out_proj.weight,1024,2048,0.0019401953322812915,18.343368530273438,0.00010577094000369897
v4_rlvr_lrscale_a2_lr0.1_s0,/scratch/rhong5/spectral_runs/v4_rlvr_lrscale_a2_lr0.1_s0/ckpt_000300,model.layers.1.linear_attn.in_proj_qkv.weight,6144,1024,0.011473886668682098,41.7341194152832,0.000274928208128918
v4_rlvr_lrscale_a2_lr0.1_s0,/scratch/rhong5/spectral_runs/v4_rlvr_lrscale_a2_lr0.1_s0/ckpt_000300,model.layers.1.linear_attn.in_proj_z.weight,2048,1024,0.004437009338289499,27.767534255981445,0.00015979126188828656
v4_rlvr_lrscale_a2_lr0.1_s0,/scratch/rhong5/spectral_runs/v4_rlvr_lrscale_a2_lr0.1_s0/ckpt_000300,model.layers.1.linear_attn.in_proj_b.weight,16,1024,0.00013410905376076698,2.381861448287964,5.6304305129570816e-05
v4_rlvr_lrscale_a2_lr0.1_s0,/scratch/rhong5/spectral_runs/v4_rlvr_lrscale_a2_lr0.1_s0/ckpt_000300,model.layers.1.linear_attn.in_proj_a.weight,16,1024,0.00010317367559764534,3.858166456222534,2.6741634081454576e-05
v4_rlvr_lrscale_a2_lr0.1_s0,/scratch/rhong5/spectral_runs/v4_rlvr_lrscale_a2_lr0.1_s0/ckpt_000300,model.layers.1.mlp.gate_proj.weight,3584,1024,0.023662474006414413,25.48297691345215,0.000928560037815805
v4_rlvr_lrscale_a2_lr0.1_s0,/scratch/rhong5/spectral_runs/v4_rlvr_lrscale_a2_lr0.1_s0/ckpt_000300,model.layers.1.mlp.up_proj.weight,3584,1024,0.011343461461365223,16.392898559570312,0.000691974114287605
v4_rlvr_lrscale_a2_lr0.1_s0,/scratch/rhong5/spectral_runs/v4_rlvr_lrscale_a2_lr0.1_s0/ckpt_000300,model.layers.1.mlp.down_proj.weight,1024,3584,0.011893227696418762,16.452600479125977,0.0007228782897577888
v4_rlvr_lrscale_a2_lr0.1_s0,/scratch/rhong5/spectral_runs/v4_rlvr_lrscale_a2_lr0.1_s0/ckpt_000300,model.layers.2.linear_attn.out_proj.weight,1024,2048,0.001951183658093214,18.105716705322266,0.0001077661652310982
v4_rlvr_lrscale_a2_lr0.1_s0,/scratch/rhong5/spectral_runs/v4_rlvr_lrscale_a2_lr0.1_s0/ckpt_000300,model.layers.2.linear_attn.in_proj_qkv.weight,6144,1024,0.011533372104167938,43.281288146972656,0.00026647478848142023
v4_rlvr_lrscale_a2_lr0.1_s0,/scratch/rhong5/spectral_runs/v4_rlvr_lrscale_a2_lr0.1_s0/ckpt_000300,model.layers.2.linear_attn.in_proj_z.weight,2048,1024,0.004456160590052605,28.25383949279785,0.00015771876212394137
v4_rlvr_lrscale_a2_lr0.1_s0,/scratch/rhong5/spectral_runs/v4_rlvr_lrscale_a2_lr0.1_s0/ckpt_000300,model.layers.2.linear_attn.in_proj_b.weight,16,1024,0.0001435762969776988,2.371030330657959,6.055439068881776e-05
v4_rlvr_lrscale_a2_lr0.1_s0,/scratch/rhong5/spectral_runs/v4_rlvr_lrscale_a2_lr0.1_s0/ckpt_000300,model.layers.2.linear_attn.in_proj_a.weight,16,1024,0.00011267697846051306,3.5141475200653076,3.2063815709825133e-05
v4_rlvr_lrscale_a2_lr0.1_s0,/scratch/rhong5/spectral_runs/v4_rlvr_lrscale_a2_lr0.1_s0/ckpt_000300,model.layers.2.mlp.gate_proj.weight,3584,1024,0.023367732763290405,31.121614456176758,0.0007508522026129198
v4_rlvr_lrscale_a2_lr0.1_s0,/scratch/rhong5/spectral_runs/v4_rlvr_lrscale_a2_lr0.1_s0/ckpt_000300,model.layers.2.mlp.up_proj.weight,3584,1024,0.011280303820967674,15.61931037902832,0.0007222024242576978
v4_rlvr_lrscale_a2_lr0.1_s0,/scratch/rhong5/spectral_runs/v4_rlvr_lrscale_a2_lr0.1_s0/ckpt_000300,model.layers.2.mlp.down_proj.weight,1024,3584,0.011669187806546688,15.772757530212402,0.0007398318134412827
v4_rlvr_lrscale_a2_lr0.1_s0,/scratch/rhong5/spectral_runs/v4_rlvr_lrscale_a2_lr0.1_s0/ckpt_000300,model.layers.3.self_attn.q_proj.weight,4096,1024,0.003272905945777893,40.50076675415039,8.081096255893713e-05
v4_rlvr_lrscale_a2_lr0.1_s0,/scratch/rhong5/spectral_runs/v4_rlvr_lrscale_a2_lr0.1_s0/ckpt_000300,model.layers.3.self_attn.k_proj.weight,512,1024,0.0005742298671975732,8.986401557922363,6.389986731578173e-05
v4_rlvr_lrscale_a2_lr0.1_s0,/scratch/rhong5/spectral_runs/v4_rlvr_lrscale_a2_lr0.1_s0/ckpt_000300,model.layers.3.self_attn.v_proj.weight,512,1024,0.001296565169468522,9.237238883972168,0.00014036284930535187
v4_rlvr_lrscale_a2_lr0.1_s0,/scratch/rhong5/spectral_runs/v4_rlvr_lrscale_a2_lr0.1_s0/ckpt_000300,model.layers.3.self_attn.o_proj.weight,1024,2048,0.0012988131493330002,17.629526138305664,7.367260691771641e-05
v4_rlvr_lrscale_a2_lr0.1_s0,/scratch/rhong5/spectral_runs/v4_rlvr_lrscale_a2_lr0.1_s0/ckpt_000300,model.layers.3.mlp.gate_proj.weight,3584,1024,0.02349933236837387,31.25058364868164,0.0007519645915274044
v4_rlvr_lrscale_a2_lr0.1_s0,/scratch/rhong5/spectral_runs/v4_rlvr_lrscale_a2_lr0.1_s0/ckpt_000300,model.layers.3.mlp.up_proj.weight,3584,1024,0.011376510374248028,15.34054946899414,0.0007415973200465792
v4_rlvr_lrscale_a2_lr0.1_s0,/scratch/rhong5/spectral_runs/v4_rlvr_lrscale_a2_lr0.1_s0/ckpt_000300,model.layers.3.mlp.down_proj.weight,1024,3584,0.011798623949289322,15.470878601074219,0.0007626343825405033
v4_rlvr_lrscale_a2_lr0.1_s0,/scratch/rhong5/spectral_runs/v4_rlvr_lrscale_a2_lr0.1_s0/ckpt_000300,model.layers.4.linear_attn.out_proj.weight,1024,2048,0.0019171553431078792,16.96360969543457,0.0001130157659559831
v4_rlvr_lrscale_a2_lr0.1_s0,/scratch/rhong5/spectral_runs/v4_rlvr_lrscale_a2_lr0.1_s0/ckpt_000300,model.layers.4.linear_attn.in_proj_qkv.weight,6144,1024,0.011426739394664764,47.38475799560547,0.00024114799522083656
v4_rlvr_lrscale_a2_lr0.1_s0,/scratch/rhong5/spectral_runs/v4_rlvr_lrscale_a2_lr0.1_s0/ckpt_000300,model.layers.4.linear_attn.in_proj_z.weight,2048,1024,0.004346068017184734,25.9653377532959,0.00016737960655385922
v4_rlvr_lrscale_a2_lr0.1_s0,/scratch/rhong5/spectral_runs/v4_rlvr_lrscale_a2_lr0.1_s0/ckpt_000300,model.layers.4.linear_attn.in_proj_b.weight,16,1024,0.00014238372386898845,1.9565179347991943,7.277404481528655e-05
v4_rlvr_lrscale_a2_lr0.1_s0,/scratch/rhong5/spectral_runs/v4_rlvr_lrscale_a2_lr0.1_s0/ckpt_000300,model.layers.4.linear_attn.in_proj_a.weight,16,1024,9.802471322473139e-05,3.4510903358459473,2.8403983577759088e-05
v4_rlvr_lrscale_a2_lr0.1_s0,/scratch/rhong5/spectral_runs/v4_rlvr_lrscale_a2_lr0.1_s0/ckpt_000300,model.layers.4.mlp.gate_proj.weight,3584,1024,0.023324456065893173,29.804306030273438,0.0007825867860235222
v4_rlvr_lrscale_a2_lr0.1_s0,/scratch/rhong5/spectral_runs/v4_rlvr_lrscale_a2_lr0.1_s0/ckpt_000300,model.layers.4.mlp.up_proj.weight,3584,1024,0.011416946537792683,15.559195518493652,0.0007337748615744629
v4_rlvr_lrscale_a2_lr0.1_s0,/scratch/rhong5/spectral_runs/v4_rlvr_lrscale_a2_lr0.1_s0/ckpt_000300,model.layers.4.mlp.down_proj.weight,1024,3584,0.011820629239082336,15.583797454833984,0.0007585204616103157
v4_rlvr_lrscale_a2_lr0.1_s0,/scratch/rhong5/spectral_runs/v4_rlvr_lrscale_a2_lr0.1_s0/ckpt_000300,model.layers.5.linear_attn.out_proj.weight,1024,2048,0.0019104663515463471,17.100078582763672,0.00011172266503336632
v4_rlvr_lrscale_a2_lr0.1_s0,/scratch/rhong5/spectral_runs/v4_rlvr_lrscale_a2_lr0.1_s0/ckpt_000300,model.layers.5.linear_attn.in_proj_qkv.weight,6144,1024,0.011045060120522976,44.485591888427734,0.00024828398705415864
v4_rlvr_lrscale_a2_lr0.1_s0,/scratch/rhong5/spectral_runs/v4_rlvr_lrscale_a2_lr0.1_s0/ckpt_000300,model.layers.5.linear_attn.in_proj_z.weight,2048,1024,0.004360490012913942,23.92362403869629,0.00018226711830368513
v4_rlvr_lrscale_a2_lr0.1_s0,/scratch/rhong5/spectral_runs/v4_rlvr_lrscale_a2_lr0.1_s0/ckpt_000300,model.layers.5.linear_attn.in_proj_b.weight,16,1024,0.00013788712385576218,1.9546774625778198,7.05421362325001e-05
v4_rlvr_lrscale_a2_lr0.1_s0,/scratch/rhong5/spectral_runs/v4_rlvr_lrscale_a2_lr0.1_s0/ckpt_000300,model.layers.5.linear_attn.in_proj_a.weight,16,1024,0.00010027862299466506,3.0777862071990967,3.2581412822017434e-05
v4_rlvr_lrscale_a2_lr0.1_s0,/scratch/rhong5/spectral_runs/v4_rlvr_lrscale_a2_lr0.1_s0/ckpt_000300,model.layers.5.mlp.gate_proj.weight,3584,1024,0.022893428802490234,27.957666397094727,0.0008188605042110827
v4_rlvr_lrscale_a2_lr0.1_s0,/scratch/rhong5/spectral_runs/v4_rlvr_lrscale_a2_lr0.1_s0/ckpt_000300,model.layers.5.mlp.up_proj.weight,3584,1024,0.01109391264617443,15.887895584106445,0.0006982619307538938
v4_rlvr_lrscale_a2_lr0.1_s0,/scratch/rhong5/spectral_runs/v4_rlvr_lrscale_a2_lr0.1_s0/ckpt_000300,model.layers.5.mlp.down_proj.weight,1024,3584,0.011661007069051266,15.810922622680664,0.0007375285647355979
v4_rlvr_lrscale_a2_lr0.1_s0,/scratch/rhong5/spectral_runs/v4_rlvr_lrscale_a2_lr0.1_s0/ckpt_000300,model.layers.6.linear_attn.out_proj.weight,1024,2048,0.001852196641266346,17.46316146850586,0.00010606307710128612
v4_rlvr_lrscale_a2_lr0.1_s0,/scratch/rhong5/spectral_runs/v4_rlvr_lrscale_a2_lr0.1_s0/ckpt_000300,model.layers.6.linear_attn.in_proj_qkv.weight,6144,1024,0.010974790900945663,42.70025634765625,0.00025701932118606715
v4_rlvr_lrscale_a2_lr0.1_s0,/scratch/rhong5/spectral_runs/v4_rlvr_lrscale_a2_lr0.1_s0/ckpt_000300,model.layers.6.linear_attn.in_proj_z.weight,2048,1024,0.004198480397462845,23.137117385864258,0.00018146082450305276
v4_rlvr_lrscale_a2_lr0.1_s0,/scratch/rhong5/spectral_runs/v4_rlvr_lrscale_a2_lr0.1_s0/ckpt_000300,model.layers.6.linear_attn.in_proj_b.weight,16,1024,0.00013018367462791502,2.191877841949463,5.9393672464944154e-05
v4_rlvr_lrscale_a2_lr0.1_s0,/scratch/rhong5/spectral_runs/v4_rlvr_lrscale_a2_lr0.1_s0/ckpt_000300,model.layers.6.linear_attn.in_proj_a.weight,16,1024,9.507813228992745e-05,2.8960819244384766,3.2829918065374557e-05
v4_rlvr_lrscale_a2_lr0.1_s0,/scratch/rhong5/spectral_runs/v4_rlvr_lrscale_a2_lr0.1_s0/ckpt_000300,model.layers.6.mlp.gate_proj.weight,3584,1024,0.022857511416077614,26.48290252685547,0.0008631044649618198
v4_rlvr_lrscale_a2_lr0.1_s0,/scratch/rhong5/spectral_runs/v4_rlvr_lrscale_a2_lr0.1_s0/ckpt_000300,model.layers.6.mlp.up_proj.weight,3584,1024,0.011137718334794044,16.0167293548584,0.0006953803169194221
v4_rlvr_lrscale_a2_lr0.1_s0,/scratch/rhong5/spectral_runs/v4_rlvr_lrscale_a2_lr0.1_s0/ckpt_000300,model.layers.6.mlp.down_proj.weight,1024,3584,0.011668684892356396,15.690218925476074,0.0007436916557875462
v4_rlvr_lrscale_a2_lr0.1_s0,/scratch/rhong5/spectral_runs/v4_rlvr_lrscale_a2_lr0.1_s0/ckpt_000300,model.layers.7.self_attn.q_proj.weight,4096,1024,0.003059114096686244,31.46451759338379,9.722424911194253e-05
v4_rlvr_lrscale_a2_lr0.1_s0,/scratch/rhong5/spectral_runs/v4_rlvr_lrscale_a2_lr0.1_s0/ckpt_000300,model.layers.7.self_attn.k_proj.weight,512,1024,0.0005434062331914902,7.667405605316162,7.087224299373465e-05
v4_rlvr_lrscale_a2_lr0.1_s0,/scratch/rhong5/spectral_runs/v4_rlvr_lrscale_a2_lr0.1_s0/ckpt_000300,model.layers.7.self_attn.v_proj.weight,512,1024,0.0013068935368210077,8.579773902893066,0.0001523226079862464
v4_rlvr_lrscale_a2_lr0.1_s0,/scratch/rhong5/spectral_runs/v4_rlvr_lrscale_a2_lr0.1_s0/ckpt_000300,model.layers.7.self_attn.o_proj.weight,1024,2048,0.001288768951781094,16.176931381225586,7.96670840352823e-05
v4_rlvr_lrscale_a2_lr0.1_s0,/scratch/rhong5/spectral_runs/v4_rlvr_lrscale_a2_lr0.1_s0/ckpt_000300,model.layers.7.mlp.gate_proj.weight,3584,1024,0.023303065448999405,23.880327224731445,0.0009758268900463724
v4_rlvr_lrscale_a2_lr0.1_s0,/scratch/rhong5/spectral_runs/v4_rlvr_lrscale_a2_lr0.1_s0/ckpt_000300,model.layers.7.mlp.up_proj.weight,3584,1024,0.011217981576919556,16.163095474243164,0.0006940490820459524
v4_rlvr_lrscale_a2_lr0.1_s0,/scratch/rhong5/spectral_runs/v4_rlvr_lrscale_a2_lr0.1_s0/ckpt_000300,model.layers.7.mlp.down_proj.weight,1024,3584,0.011748270131647587,15.770767211914062,0.0007449396705806633
v4_rlvr_lrscale_a2_lr0.1_s0,/scratch/rhong5/spectral_runs/v4_rlvr_lrscale_a2_lr0.1_s0/ckpt_000300,model.layers.8.linear_attn.out_proj.weight,1024,2048,0.001873690984211862,16.613866806030273,0.00011277874116167679
v4_rlvr_lrscale_a2_lr0.1_s0,/scratch/rhong5/spectral_runs/v4_rlvr_lrscale_a2_lr0.1_s0/ckpt_000300,model.layers.8.linear_attn.in_proj_qkv.weight,6144,1024,0.01051758136600256,42.78187561035156,0.0002458419883642902
v4_rlvr_lrscale_a2_lr0.1_s0,/scratch/rhong5/spectral_runs/v4_rlvr_lrscale_a2_lr0.1_s0/ckpt_000300,model.layers.8.linear_attn.in_proj_z.weight,2048,1024,0.004166511818766594,21.412153244018555,0.00019458630672421987
v4_rlvr_lrscale_a2_lr0.1_s0,/scratch/rhong5/spectral_runs/v4_rlvr_lrscale_a2_lr0.1_s0/ckpt_000300,model.layers.8.linear_attn.in_proj_b.weight,16,1024,0.00013000039325561374,1.7842596769332886,7.285957023870709e-05
v4_rlvr_lrscale_a2_lr0.1_s0,/scratch/rhong5/spectral_runs/v4_rlvr_lrscale_a2_lr0.1_s0/ckpt_000300,model.layers.8.linear_attn.in_proj_a.weight,16,1024,9.352342749480158e-05,2.947147846221924,3.173353777099894e-05
v4_rlvr_lrscale_a2_lr0.1_s0,/scratch/rhong5/spectral_runs/v4_rlvr_lrscale_a2_lr0.1_s0/ckpt_000300,model.layers.8.mlp.gate_proj.weight,3584,1024,0.023084336891770363,22.217567443847656,0.0010390127969730875
v4_rlvr_lrscale_a2_lr0.1_s0,/scratch/rhong5/spectral_runs/v4_rlvr_lrscale_a2_lr0.1_s0/ckpt_000300,model.layers.8.mlp.up_proj.weight,3584,1024,0.011166708543896675,16.00246810913086,0.0006978116417882473
v4_rlvr_lrscale_a2_lr0.1_s0,/scratch/rhong5/spectral_runs/v4_rlvr_lrscale_a2_lr0.1_s0/ckpt_000300,model.layers.8.mlp.down_proj.weight,1024,3584,0.011607135646045208,15.398100852966309,0.0007538030668119176
v4_rlvr_lrscale_a2_lr0.1_s0,/scratch/rhong5/spectral_runs/v4_rlvr_lrscale_a2_lr0.1_s0/ckpt_000300,model.layers.9.linear_attn.out_proj.weight,1024,2048,0.0018365101423114538,16.307430267333984,0.0001126179975756349
v4_rlvr_lrscale_a2_lr0.1_s0,/scratch/rhong5/spectral_runs/v4_rlvr_lrscale_a2_lr0.1_s0/ckpt_000300,model.layers.9.linear_attn.in_proj_qkv.weight,6144,1024,0.010967392474412918,40.7314453125,0.00026926106820587473
v4_rlvr_lrscale_a2_lr0.1_s0,/scratch/rhong5/spectral_runs/v4_rlvr_lrscale_a2_lr0.1_s0/ckpt_000300,model.layers.9.linear_attn.in_proj_z.weight,2048,1024,0.004017613362520933,21.083309173583984,0.000190558954926997
v4_rlvr_lrscale_a2_lr0.1_s0,/scratch/rhong5/spectral_runs/v4_rlvr_lrscale_a2_lr0.1_s0/ckpt_000300,model.layers.9.linear_attn.in_proj_b.weight,16,1024,0.00013669092732015997,2.3479413986206055,5.821735048432838e-05
v4_rlvr_lrscale_a2_lr0.1_s0,/scratch/rhong5/spectral_runs/v4_rlvr_lrscale_a2_lr0.1_s0/ckpt_000300,model.layers.9.linear_attn.in_proj_a.weight,16,1024,0.00011420162627473474,3.291717052459717,3.469363388611978e-05
v4_rlvr_lrscale_a2_lr0.1_s0,/scratch/rhong5/spectral_runs/v4_rlvr_lrscale_a2_lr0.1_s0/ckpt_000300,model.layers.9.mlp.gate_proj.weight,3584,1024,0.021823670715093613,20.410017013549805,0.001069262739987199
v4_rlvr_lrscale_a2_lr0.1_s0,/scratch/rhong5/spectral_runs/v4_rlvr_lrscale_a2_lr0.1_s0/ckpt_000300,model.layers.9.mlp.up_proj.weight,3584,1024,0.01066712848842144,16.145103454589844,0.0006607036318115951
v4_rlvr_lrscale_a2_lr0.1_s0,/scratch/rhong5/spectral_runs/v4_rlvr_lrscale_a2_lr0.1_s0/ckpt_000300,model.layers.9.mlp.down_proj.weight,1024,3584,0.011153236962854862,15.547209739685059,0.0007173786904273663
v4_rlvr_lrscale_a2_lr0.1_s0,/scratch/rhong5/spectral_runs/v4_rlvr_lrscale_a2_lr0.1_s0/ckpt_000300,model.layers.10.linear_attn.out_proj.weight,1024,2048,0.0018031361978501081,16.894439697265625,0.00010672956488411668
v4_rlvr_lrscale_a2_lr0.1_s0,/scratch/rhong5/spectral_runs/v4_rlvr_lrscale_a2_lr0.1_s0/ckpt_000300,model.layers.10.linear_attn.in_proj_qkv.weight,6144,1024,0.010327812284231186,41.3704833984375,0.00024964204997955745
v4_rlvr_lrscale_a2_lr0.1_s0,/scratch/rhong5/spectral_runs/v4_rlvr_lrscale_a2_lr0.1_s0/ckpt_000300,model.layers.10.linear_attn.in_proj_z.weight,2048,1024,0.003926528617739677,20.00058937072754,0.0001963206456048973
v4_rlvr_lrscale_a2_lr0.1_s0,/scratch/rhong5/spectral_runs/v4_rlvr_lrscale_a2_lr0.1_s0/ckpt_000300,model.layers.10.linear_attn.in_proj_b.weight,16,1024,0.00012921537563670427,2.3209171295166016,5.567427375729573e-05
v4_rlvr_lrscale_a2_lr0.1_s0,/scratch/rhong5/spectral_runs/v4_rlvr_lrscale_a2_lr0.1_s0/ckpt_000300,model.layers.10.linear_attn.in_proj_a.weight,16,1024,9.040870645549148e-05,3.0822560787200928,2.9331990641424484e-05
v4_rlvr_lrscale_a2_lr0.1_s0,/scratch/rhong5/spectral_runs/v4_rlvr_lrscale_a2_lr0.1_s0/ckpt_000300,model.layers.10.mlp.gate_proj.weight,3584,1024,0.021756630390882492,21.21075439453125,0.0010257358124184392
v4_rlvr_lrscale_a2_lr0.1_s0,/scratch/rhong5/spectral_runs/v4_rlvr_lrscale_a2_lr0.1_s0/ckpt_000300,model.layers.10.mlp.up_proj.weight,3584,1024,0.01063457690179348,15.927849769592285,0.0006676718487197095
v4_rlvr_lrscale_a2_lr0.1_s0,/scratch/rhong5/spectral_runs/v4_rlvr_lrscale_a2_lr0.1_s0/ckpt_000300,model.layers.10.mlp.down_proj.weight,1024,3584,0.011098324321210384,15.2418794631958,0.000728146705792369
v4_rlvr_lrscale_a2_lr0.1_s0,/scratch/rhong5/spectral_runs/v4_rlvr_lrscale_a2_lr0.1_s0/ckpt_000300,model.layers.11.self_attn.q_proj.weight,4096,1024,0.0029649019706994295,28.898473739624023,0.00010259718203159347
v4_rlvr_lrscale_a2_lr0.1_s0,/scratch/rhong5/spectral_runs/v4_rlvr_lrscale_a2_lr0.1_s0/ckpt_000300,model.layers.11.self_attn.k_proj.weight,512,1024,0.0005358019261620939,8.434767723083496,6.352302087652758e-05
v4_rlvr_lrscale_a2_lr0.1_s0,/scratch/rhong5/spectral_runs/v4_rlvr_lrscale_a2_lr0.1_s0/ckpt_000300,model.layers.11.self_attn.v_proj.weight,512,1024,0.0012583627831190825,10.48598861694336,0.00012000421029313421
v4_rlvr_lrscale_a2_lr0.1_s0,/scratch/rhong5/spectral_runs/v4_rlvr_lrscale_a2_lr0.1_s0/ckpt_000300,model.layers.11.self_attn.o_proj.weight,1024,2048,0.001250240602530539,16.862060546875,7.414518522543455e-05
v4_rlvr_lrscale_a2_lr0.1_s0,/scratch/rhong5/spectral_runs/v4_rlvr_lrscale_a2_lr0.1_s0/ckpt_000300,model.layers.11.mlp.gate_proj.weight,3584,1024,0.02191934920847416,21.008045196533203,0.0010433788105183315
v4_rlvr_lrscale_a2_lr0.1_s0,/scratch/rhong5/spectral_runs/v4_rlvr_lrscale_a2_lr0.1_s0/ckpt_000300,model.layers.11.mlp.up_proj.weight,3584,1024,0.010695697739720345,16.147090911865234,0.0006623916220017634
v4_rlvr_lrscale_a2_lr0.1_s0,/scratch/rhong5/spectral_runs/v4_rlvr_lrscale_a2_lr0.1_s0/ckpt_000300,model.layers.11.mlp.down_proj.weight,1024,3584,0.01103244163095951,15.502617835998535,0.0007116502353132349
v4_rlvr_lrscale_a2_lr0.1_s0,/scratch/rhong5/spectral_runs/v4_rlvr_lrscale_a2_lr0.1_s0/ckpt_000300,model.layers.12.linear_attn.out_proj.weight,1024,2048,0.0018102190224453807,16.215808868408203,0.00011163297724679445
v4_rlvr_lrscale_a2_lr0.1_s0,/scratch/rhong5/spectral_runs/v4_rlvr_lrscale_a2_lr0.1_s0/ckpt_000300,model.layers.12.linear_attn.in_proj_qkv.weight,6144,1024,0.010631123557686806,46.235660552978516,0.0002299334200168996
v4_rlvr_lrscale_a2_lr0.1_s0,/scratch/rhong5/spectral_runs/v4_rlvr_lrscale_a2_lr0.1_s0/ckpt_000300,model.layers.12.linear_attn.in_proj_z.weight,2048,1024,0.003925742115825415,21.70543670654297,0.00018086446123620375
v4_rlvr_lrscale_a2_lr0.1_s0,/scratch/rhong5/spectral_runs/v4_rlvr_lrscale_a2_lr0.1_s0/ckpt_000300,model.layers.12.linear_attn.in_proj_b.weight,16,1024,0.0001271739020012319,2.023674726486206,6.284305493207866e-05
v4_rlvr_lrscale_a2_lr0.1_s0,/scratch/rhong5/spectral_runs/v4_rlvr_lrscale_a2_lr0.1_s0/ckpt_000300,model.layers.12.linear_attn.in_proj_a.weight,16,1024,9.045917249750346e-05,3.395397901535034,2.6641700066023937e-05
v4_rlvr_lrscale_a2_lr0.1_s0,/scratch/rhong5/spectral_runs/v4_rlvr_lrscale_a2_lr0.1_s0/ckpt_000300,model.layers.12.mlp.gate_proj.weight,3584,1024,0.020853785797953606,23.00975227355957,0.0009063020561901756
v4_rlvr_lrscale_a2_lr0.1_s0,/scratch/rhong5/spectral_runs/v4_rlvr_lrscale_a2_lr0.1_s0/ckpt_000300,model.layers.12.mlp.up_proj.weight,3584,1024,0.010344482026994228,15.771027565002441,0.0006559168059505339
v4_rlvr_lrscale_a2_lr0.1_s0,/scratch/rhong5/spectral_runs/v4_rlvr_lrscale_a2_lr0.1_s0/ckpt_000300,model.layers.12.mlp.down_proj.weight,1024,3584,0.010736740194261074,15.221353530883789,0.000705373551207287
v4_rlvr_lrscale_a2_lr0.1_s0,/scratch/rhong5/spectral_runs/v4_rlvr_lrscale_a2_lr0.1_s0/ckpt_000300,model.layers.13.linear_attn.out_proj.weight,1024,2048,0.0017561701824888587,16.764570236206055,0.00010475485847505345
v4_rlvr_lrscale_a2_lr0.1_s0,/scratch/rhong5/spectral_runs/v4_rlvr_lrscale_a2_lr0.1_s0/ckpt_000300,model.layers.13.linear_attn.in_proj_qkv.weight,6144,1024,0.00997891090810299,43.73291778564453,0.00022817848461459387
v4_rlvr_lrscale_a2_lr0.1_s0,/scratch/rhong5/spectral_runs/v4_rlvr_lrscale_a2_lr0.1_s0/ckpt_000300,model.layers.13.linear_attn.in_proj_z.weight,2048,1024,0.0038320196326822042,20.939598083496094,0.0001830034949764617
v4_rlvr_lrscale_a2_lr0.1_s0,/scratch/rhong5/spectral_runs/v4_rlvr_lrscale_a2_lr0.1_s0/ckpt_000300,model.layers.13.linear_attn.in_proj_b.weight,16,1024,0.00011493222700664774,2.032787561416626,5.6539221898107645e-05
v4_rlvr_lrscale_a2_lr0.1_s0,/scratch/rhong5/spectral_runs/v4_rlvr_lrscale_a2_lr0.1_s0/ckpt_000300,model.layers.13.linear_attn.in_proj_a.weight,16,1024,8.792275184532627e-05,2.881199359893799,3.0516025051653183e-05
v4_rlvr_lrscale_a2_lr0.1_s0,/scratch/rhong5/spectral_runs/v4_rlvr_lrscale_a2_lr0.1_s0/ckpt_000300,model.layers.13.mlp.gate_proj.weight,3584,1024,0.02037172019481659,23.8105525970459,0.0008555752795650801
v4_rlvr_lrscale_a2_lr0.1_s0,/scratch/rhong5/spectral_runs/v4_rlvr_lrscale_a2_lr0.1_s0/ckpt_000300,model.layers.13.mlp.up_proj.weight,3584,1024,0.010111294686794281,15.911117553710938,0.0006354861405970841
v4_rlvr_lrscale_a2_lr0.1_s0,/scratch/rhong5/spectral_runs/v4_rlvr_lrscale_a2_lr0.1_s0/ckpt_000300,model.layers.13.mlp.down_proj.weight,1024,3584,0.010527149774134159,15.3467378616333,0.0006859535797801
v4_rlvr_lrscale_a2_lr0.1_s0,/scratch/rhong5/spectral_runs/v4_rlvr_lrscale_a2_lr0.1_s0/ckpt_000300,model.layers.14.linear_attn.out_proj.weight,1024,2048,0.001718361396342516,16.927993774414062,0.00010151004420498698
v4_rlvr_lrscale_a2_lr0.1_s0,/scratch/rhong5/spectral_runs/v4_rlvr_lrscale_a2_lr0.1_s0/ckpt_000300,model.layers.14.linear_attn.in_proj_qkv.weight,6144,1024,0.010293274186551571,44.112632751464844,0.00023334073585099641
v4_rlvr_lrscale_a2_lr0.1_s0,/scratch/rhong5/spectral_runs/v4_rlvr_lrscale_a2_lr0.1_s0/ckpt_000300,model.layers.14.linear_attn.in_proj_z.weight,2048,1024,0.003809249261394143,22.358572006225586,0.00017037086538145121
v4_rlvr_lrscale_a2_lr0.1_s0,/scratch/rhong5/spectral_runs/v4_rlvr_lrscale_a2_lr0.1_s0/ckpt_000300,model.layers.14.linear_attn.in_proj_b.weight,16,1024,0.00013488648983184248,1.9978301525115967,6.751649516465065e-05
v4_rlvr_lrscale_a2_lr0.1_s0,/scratch/rhong5/spectral_runs/v4_rlvr_lrscale_a2_lr0.1_s0/ckpt_000300,model.layers.14.linear_attn.in_proj_a.weight,16,1024,0.0001007576720439829,2.87286114692688,3.507223875117114e-05
v4_rlvr_lrscale_a2_lr0.1_s0,/scratch/rhong5/spectral_runs/v4_rlvr_lrscale_a2_lr0.1_s0/ckpt_000300,model.layers.14.mlp.gate_proj.weight,3584,1024,0.020046766847372055,26.198944091796875,0.0007651746107450521
v4_rlvr_lrscale_a2_lr0.1_s0,/scratch/rhong5/spectral_runs/v4_rlvr_lrscale_a2_lr0.1_s0/ckpt_000300,model.layers.14.mlp.up_proj.weight,3584,1024,0.009839776903390884,16.13216209411621,0.0006099478077386595
v4_rlvr_lrscale_a2_lr0.1_s0,/scratch/rhong5/spectral_runs/v4_rlvr_lrscale_a2_lr0.1_s0/ckpt_000300,model.layers.14.mlp.down_proj.weight,1024,3584,0.01034757774323225,15.142059326171875,0.0006833666095434764
v4_rlvr_lrscale_a2_lr0.1_s0,/scratch/rhong5/spectral_runs/v4_rlvr_lrscale_a2_lr0.1_s0/ckpt_000300,model.layers.15.self_attn.q_proj.weight,4096,1024,0.002896175254136324,32.12224197387695,9.016105589677101e-05
v4_rlvr_lrscale_a2_lr0.1_s0,/scratch/rhong5/spectral_runs/v4_rlvr_lrscale_a2_lr0.1_s0/ckpt_000300,model.layers.15.self_attn.k_proj.weight,512,1024,0.0005264478968456388,8.305766105651855,6.338342425600027e-05
v4_rlvr_lrscale_a2_lr0.1_s0,/scratch/rhong5/spectral_runs/v4_rlvr_lrscale_a2_lr0.1_s0/ckpt_000300,model.layers.15.self_attn.v_proj.weight,512,1024,0.0011740628397092223,11.979118347167969,9.800911934280933e-05
v4_rlvr_lrscale_a2_lr0.1_s0,/scratch/rhong5/spectral_runs/v4_rlvr_lrscale_a2_lr0.1_s0/ckpt_000300,model.layers.15.self_attn.o_proj.weight,1024,2048,0.0011514228535816073,20.035621643066406,5.746878604987395e-05
v4_rlvr_lrscale_a2_lr0.1_s0,/scratch/rhong5/spectral_runs/v4_rlvr_lrscale_a2_lr0.1_s0/ckpt_000300,model.layers.15.mlp.gate_proj.weight,3584,1024,0.01971082203090191,27.263813018798828,0.0007229664470377267
v4_rlvr_lrscale_a2_lr0.1_s0,/scratch/rhong5/spectral_runs/v4_rlvr_lrscale_a2_lr0.1_s0/ckpt_000300,model.layers.15.mlp.up_proj.weight,3584,1024,0.009610110893845558,17.13074493408203,0.0005609861643976737
v4_rlvr_lrscale_a2_lr0.1_s0,/scratch/rhong5/spectral_runs/v4_rlvr_lrscale_a2_lr0.1_s0/ckpt_000300,model.layers.15.mlp.down_proj.weight,1024,3584,0.010118406265974045,16.442813873291016,0.0006153695069436953
v4_rlvr_lrscale_a2_lr0.1_s0,/scratch/rhong5/spectral_runs/v4_rlvr_lrscale_a2_lr0.1_s0/ckpt_000300,model.layers.16.linear_attn.out_proj.weight,1024,2048,0.0016569644212722778,16.044231414794922,0.00010327477698584773
v4_rlvr_lrscale_a2_lr0.1_s0,/scratch/rhong5/spectral_runs/v4_rlvr_lrscale_a2_lr0.1_s0/ckpt_000300,model.layers.16.linear_attn.in_proj_qkv.weight,6144,1024,0.010159383527934551,53.1949462890625,0.0001909839982303627
v4_rlvr_lrscale_a2_lr0.1_s0,/scratch/rhong5/spectral_runs/v4_rlvr_lrscale_a2_lr0.1_s0/ckpt_000300,model.layers.16.linear_attn.in_proj_z.weight,2048,1024,0.0036906925961375237,22.97348976135254,0.00016065006381164783
v4_rlvr_lrscale_a2_lr0.1_s0,/scratch/rhong5/spectral_runs/v4_rlvr_lrscale_a2_lr0.1_s0/ckpt_000300,model.layers.16.linear_attn.in_proj_b.weight,16,1024,0.00013123484677635133,2.192178249359131,5.9865043736619954e-05
v4_rlvr_lrscale_a2_lr0.1_s0,/scratch/rhong5/spectral_runs/v4_rlvr_lrscale_a2_lr0.1_s0/ckpt_000300,model.layers.16.linear_attn.in_proj_a.weight,16,1024,8.659147715661675e-05,3.236920118331909,2.6751193724619986e-05
v4_rlvr_lrscale_a2_lr0.1_s0,/scratch/rhong5/spectral_runs/v4_rlvr_lrscale_a2_lr0.1_s0/ckpt_000300,model.layers.16.mlp.gate_proj.weight,3584,1024,0.019419264048337936,29.53081512451172,0.0006575932281740234
v4_rlvr_lrscale_a2_lr0.1_s0,/scratch/rhong5/spectral_runs/v4_rlvr_lrscale_a2_lr0.1_s0/ckpt_000300,model.layers.16.mlp.up_proj.weight,3584,1024,0.00946337915956974,17.0405330657959,0.0005553452537564582
v4_rlvr_lrscale_a2_lr0.1_s0,/scratch/rhong5/spectral_runs/v4_rlvr_lrscale_a2_lr0.1_s0/ckpt_000300,model.layers.16.mlp.down_proj.weight,1024,3584,0.009987685829401016,16.36994171142578,0.0006101234815289463
v4_rlvr_lrscale_a2_lr0.1_s0,/scratch/rhong5/spectral_runs/v4_rlvr_lrscale_a2_lr0.1_s0/ckpt_000300,model.layers.17.linear_attn.out_proj.weight,1024,2048,0.0016626780852675438,15.502323150634766,0.00010725347866325848
v4_rlvr_lrscale_a2_lr0.1_s0,/scratch/rhong5/spectral_runs/v4_rlvr_lrscale_a2_lr0.1_s0/ckpt_000300,model.layers.17.linear_attn.in_proj_qkv.weight,6144,1024,0.009435771033167839,56.816795349121094,0.00016607362268829197
v4_rlvr_lrscale_a2_lr0.1_s0,/scratch/rhong5/spectral_runs/v4_rlvr_lrscale_a2_lr0.1_s0/ckpt_000300,model.layers.17.linear_attn.in_proj_z.weight,2048,1024,0.0036551286466419697,24.12090301513672,0.00015153365710845267
v4_rlvr_lrscale_a2_lr0.1_s0,/scratch/rhong5/spectral_runs/v4_rlvr_lrscale_a2_lr0.1_s0/ckpt_000300,model.layers.17.linear_attn.in_proj_b.weight,16,1024,0.00011423053365433589,1.9835284948349,5.7589560196282395e-05
v4_rlvr_lrscale_a2_lr0.1_s0,/scratch/rhong5/spectral_runs/v4_rlvr_lrscale_a2_lr0.1_s0/ckpt_000300,model.layers.17.linear_attn.in_proj_a.weight,16,1024,8.293482824228704e-05,3.190129518508911,2.5997323231268477e-05
v4_rlvr_lrscale_a2_lr0.1_s0,/scratch/rhong5/spectral_runs/v4_rlvr_lrscale_a2_lr0.1_s0/ckpt_000300,model.layers.17.mlp.gate_proj.weight,3584,1024,0.019230127334594727,32.15827941894531,0.0005979837131232132
v4_rlvr_lrscale_a2_lr0.1_s0,/scratch/rhong5/spectral_runs/v4_rlvr_lrscale_a2_lr0.1_s0/ckpt_000300,model.layers.17.mlp.up_proj.weight,3584,1024,0.009381681680679321,17.10666275024414,0.0005484226711925696
v4_rlvr_lrscale_a2_lr0.1_s0,/scratch/rhong5/spectral_runs/v4_rlvr_lrscale_a2_lr0.1_s0/ckpt_000300,model.layers.17.mlp.down_proj.weight,1024,3584,0.0100060123950243,16.386972427368164,0.000610607751942823
v4_rlvr_lrscale_a2_lr0.1_s0,/scratch/rhong5/spectral_runs/v4_rlvr_lrscale_a2_lr0.1_s0/ckpt_000300,model.layers.18.linear_attn.out_proj.weight,1024,2048,0.001665619551204145,14.640254020690918,0.00011376985323138125
v4_rlvr_lrscale_a2_lr0.1_s0,/scratch/rhong5/spectral_runs/v4_rlvr_lrscale_a2_lr0.1_s0/ckpt_000300,model.layers.18.linear_attn.in_proj_qkv.weight,6144,1024,0.009284201078116894,58.909175872802734,0.00015760195148822707
v4_rlvr_lrscale_a2_lr0.1_s0,/scratch/rhong5/spectral_runs/v4_rlvr_lrscale_a2_lr0.1_s0/ckpt_000300,model.layers.18.linear_attn.in_proj_z.weight,2048,1024,0.0036196333821862936,24.85518455505371,0.0001456289078911839
v4_rlvr_lrscale_a2_lr0.1_s0,/scratch/rhong5/spectral_runs/v4_rlvr_lrscale_a2_lr0.1_s0/ckpt_000300,model.layers.18.linear_attn.in_proj_b.weight,16,1024,0.00010881595517275855,2.0189015865325928,5.389859312540683e-05
v4_rlvr_lrscale_a2_lr0.1_s0,/scratch/rhong5/spectral_runs/v4_rlvr_lrscale_a2_lr0.1_s0/ckpt_000300,model.layers.18.linear_attn.in_proj_a.weight,16,1024,8.147236076183617e-05,2.9743716716766357,2.7391452634401496e-05
v4_rlvr_lrscale_a2_lr0.1_s0,/scratch/rhong5/spectral_runs/v4_rlvr_lrscale_a2_lr0.1_s0/ckpt_000300,model.layers.18.mlp.gate_proj.weight,3584,1024,0.019057027995586395,33.993560791015625,0.0005606069959173885
v4_rlvr_lrscale_a2_lr0.1_s0,/scratch/rhong5/spectral_runs/v4_rlvr_lrscale_a2_lr0.1_s0/ckpt_000300,model.layers.18.mlp.up_proj.weight,3584,1024,0.009415590204298496,17.375011444091797,0.0005419041152631975
v4_rlvr_lrscale_a2_lr0.1_s0,/scratch/rhong5/spectral_runs/v4_rlvr_lrscale_a2_lr0.1_s0/ckpt_000300,model.layers.18.mlp.down_proj.weight,1024,3584,0.010073746554553509,16.432165145874023,0.0006130504693158431
v4_rlvr_lrscale_a2_lr0.1_s0,/scratch/rhong5/spectral_runs/v4_rlvr_lrscale_a2_lr0.1_s0/ckpt_000300,model.layers.19.self_attn.q_proj.weight,4096,1024,0.0027946142945438623,31.884693145751953,8.764752045030087e-05
v4_rlvr_lrscale_a2_lr0.1_s0,/scratch/rhong5/spectral_runs/v4_rlvr_lrscale_a2_lr0.1_s0/ckpt_000300,model.layers.19.self_attn.k_proj.weight,512,1024,0.000516321393661201,8.078752517700195,6.391102989353409e-05
v4_rlvr_lrscale_a2_lr0.1_s0,/scratch/rhong5/spectral_runs/v4_rlvr_lrscale_a2_lr0.1_s0/ckpt_000300,model.layers.19.self_attn.v_proj.weight,512,1024,0.001075141946785152,14.40697193145752,7.46265038829976e-05
v4_rlvr_lrscale_a2_lr0.1_s0,/scratch/rhong5/spectral_runs/v4_rlvr_lrscale_a2_lr0.1_s0/ckpt_000300,model.layers.19.self_attn.o_proj.weight,1024,2048,0.0011119700502604246,24.210872650146484,4.5928540715102926e-05
v4_rlvr_lrscale_a2_lr0.1_s0,/scratch/rhong5/spectral_runs/v4_rlvr_lrscale_a2_lr0.1_s0/ckpt_000300,model.layers.19.mlp.gate_proj.weight,3584,1024,0.018969621509313583,32.71185302734375,0.0005799005483870611
v4_rlvr_lrscale_a2_lr0.1_s0,/scratch/rhong5/spectral_runs/v4_rlvr_lrscale_a2_lr0.1_s0/ckpt_000300,model.layers.19.mlp.up_proj.weight,3584,1024,0.009348119609057903,17.864604949951172,0.0005232760329851824
v4_rlvr_lrscale_a2_lr0.1_s0,/scratch/rhong5/spectral_runs/v4_rlvr_lrscale_a2_lr0.1_s0/ckpt_000300,model.layers.19.mlp.down_proj.weight,1024,3584,0.010032527148723602,17.25531005859375,0.0005814167995043967
v4_rlvr_lrscale_a2_lr0.1_s0,/scratch/rhong5/spectral_runs/v4_rlvr_lrscale_a2_lr0.1_s0/ckpt_000300,model.layers.20.linear_attn.out_proj.weight,1024,2048,0.0016822678735479712,15.245723724365234,0.00011034358905897159
v4_rlvr_lrscale_a2_lr0.1_s0,/scratch/rhong5/spectral_runs/v4_rlvr_lrscale_a2_lr0.1_s0/ckpt_000300,model.layers.20.linear_attn.in_proj_qkv.weight,6144,1024,0.009164055809378624,59.2022705078125,0.00015479230324737814
v4_rlvr_lrscale_a2_lr0.1_s0,/scratch/rhong5/spectral_runs/v4_rlvr_lrscale_a2_lr0.1_s0/ckpt_000300,model.layers.20.linear_attn.in_proj_z.weight,2048,1024,0.003618720220401883,25.425046920776367,0.00014232894954639415
v4_rlvr_lrscale_a2_lr0.1_s0,/scratch/rhong5/spectral_runs/v4_rlvr_lrscale_a2_lr0.1_s0/ckpt_000300,model.layers.20.linear_attn.in_proj_b.weight,16,1024,0.00011248531518504024,2.4269285202026367,4.6348837326139405e-05
v4_rlvr_lrscale_a2_lr0.1_s0,/scratch/rhong5/spectral_runs/v4_rlvr_lrscale_a2_lr0.1_s0/ckpt_000300,model.layers.20.linear_attn.in_proj_a.weight,16,1024,8.436552889179438e-05,3.5989208221435547,2.3441896352014044e-05
v4_rlvr_lrscale_a2_lr0.1_s0,/scratch/rhong5/spectral_runs/v4_rlvr_lrscale_a2_lr0.1_s0/ckpt_000300,model.layers.20.mlp.gate_proj.weight,3584,1024,0.018972091376781464,32.558448791503906,0.0005827087002293614
v4_rlvr_lrscale_a2_lr0.1_s0,/scratch/rhong5/spectral_runs/v4_rlvr_lrscale_a2_lr0.1_s0/ckpt_000300,model.layers.20.mlp.up_proj.weight,3584,1024,0.009329738095402718,18.246572494506836,0.00051131455500541
v4_rlvr_lrscale_a2_lr0.1_s0,/scratch/rhong5/spectral_runs/v4_rlvr_lrscale_a2_lr0.1_s0/ckpt_000300,model.layers.20.mlp.down_proj.weight,1024,3584,0.010003441013395786,17.50642967224121,0.0005714152571759154
v4_rlvr_lrscale_a2_lr0.1_s0,/scratch/rhong5/spectral_runs/v4_rlvr_lrscale_a2_lr0.1_s0/ckpt_000300,model.layers.21.linear_attn.out_proj.weight,1024,2048,0.0016883009811863303,16.779827117919922,0.00010061492107885419
v4_rlvr_lrscale_a2_lr0.1_s0,/scratch/rhong5/spectral_runs/v4_rlvr_lrscale_a2_lr0.1_s0/ckpt_000300,model.layers.21.linear_attn.in_proj_qkv.weight,6144,1024,0.009345007129013538,56.920780181884766,0.00016417566834383657
v4_rlvr_lrscale_a2_lr0.1_s0,/scratch/rhong5/spectral_runs/v4_rlvr_lrscale_a2_lr0.1_s0/ckpt_000300,model.layers.21.linear_attn.in_proj_z.weight,2048,1024,0.0036464794538915157,25.805391311645508,0.00014130688466816333
v4_rlvr_lrscale_a2_lr0.1_s0,/scratch/rhong5/spectral_runs/v4_rlvr_lrscale_a2_lr0.1_s0/ckpt_000300,model.layers.21.linear_attn.in_proj_b.weight,16,1024,0.00011278043530182913,2.177164077758789,5.1801532302483735e-05
v4_rlvr_lrscale_a2_lr0.1_s0,/scratch/rhong5/spectral_runs/v4_rlvr_lrscale_a2_lr0.1_s0/ckpt_000300,model.layers.21.linear_attn.in_proj_a.weight,16,1024,8.440824603894725e-05,3.5218026638031006,2.3967341187651055e-05
v4_rlvr_lrscale_a2_lr0.1_s0,/scratch/rhong5/spectral_runs/v4_rlvr_lrscale_a2_lr0.1_s0/ckpt_000300,model.layers.21.mlp.gate_proj.weight,3584,1024,0.018895240500569344,32.91107177734375,0.0005741302084721829
v4_rlvr_lrscale_a2_lr0.1_s0,/scratch/rhong5/spectral_runs/v4_rlvr_lrscale_a2_lr0.1_s0/ckpt_000300,model.layers.21.mlp.up_proj.weight,3584,1024,0.009282487444579601,18.712862014770508,0.0004960485166434035
v4_rlvr_lrscale_a2_lr0.1_s0,/scratch/rhong5/spectral_runs/v4_rlvr_lrscale_a2_lr0.1_s0/ckpt_000300,model.layers.21.mlp.down_proj.weight,1024,3584,0.010048191994428635,17.703365325927734,0.0005675865469325429
v4_rlvr_lrscale_a2_lr0.1_s0,/scratch/rhong5/spectral_runs/v4_rlvr_lrscale_a2_lr0.1_s0/ckpt_000300,model.layers.22.linear_attn.out_proj.weight,1024,2048,0.0016921204514801502,17.701845169067383,9.559006054560916e-05
v4_rlvr_lrscale_a2_lr0.1_s0,/scratch/rhong5/spectral_runs/v4_rlvr_lrscale_a2_lr0.1_s0/ckpt_000300,model.layers.22.linear_attn.in_proj_qkv.weight,6144,1024,0.009561765938997269,50.19784164428711,0.00019048161486212963
v4_rlvr_lrscale_a2_lr0.1_s0,/scratch/rhong5/spectral_runs/v4_rlvr_lrscale_a2_lr0.1_s0/ckpt_000300,model.layers.22.linear_attn.in_proj_z.weight,2048,1024,0.003626795718446374,25.86899185180664,0.00014019857206739526
v4_rlvr_lrscale_a2_lr0.1_s0,/scratch/rhong5/spectral_runs/v4_rlvr_lrscale_a2_lr0.1_s0/ckpt_000300,model.layers.22.linear_attn.in_proj_b.weight,16,1024,0.0001283887540921569,2.470484733581543,5.1969053824521104e-05
v4_rlvr_lrscale_a2_lr0.1_s0,/scratch/rhong5/spectral_runs/v4_rlvr_lrscale_a2_lr0.1_s0/ckpt_000300,model.layers.22.linear_attn.in_proj_a.weight,16,1024,8.522899588569999e-05,3.9286303520202637,2.1694328111544454e-05
v4_rlvr_lrscale_a2_lr0.1_s0,/scratch/rhong5/spectral_runs/v4_rlvr_lrscale_a2_lr0.1_s0/ckpt_000300,model.layers.22.mlp.gate_proj.weight,3584,1024,0.01863943412899971,33.516822814941406,0.0005561217491262468
v4_rlvr_lrscale_a2_lr0.1_s0,/scratch/rhong5/spectral_runs/v4_rlvr_lrscale_a2_lr0.1_s0/ckpt_000300,model.layers.22.mlp.up_proj.weight,3584,1024,0.009203939698636532,19.172740936279297,0.0004800534117279252
v4_rlvr_lrscale_a2_lr0.1_s0,/scratch/rhong5/spectral_runs/v4_rlvr_lrscale_a2_lr0.1_s0/ckpt_000300,model.layers.22.mlp.down_proj.weight,1024,3584,0.009948772378265858,17.519771575927734,0.0005678597083957149
v4_rlvr_lrscale_a2_lr0.1_s0,/scratch/rhong5/spectral_runs/v4_rlvr_lrscale_a2_lr0.1_s0/ckpt_000300,model.layers.23.self_attn.q_proj.weight,4096,1024,0.0028076216112822294,33.58987808227539,8.358534688352284e-05
v4_rlvr_lrscale_a2_lr0.1_s0,/scratch/rhong5/spectral_runs/v4_rlvr_lrscale_a2_lr0.1_s0/ckpt_000300,model.layers.23.self_attn.k_proj.weight,512,1024,0.0005130309727974236,7.331782341003418,6.997356835435063e-05
v4_rlvr_lrscale_a2_lr0.1_s0,/scratch/rhong5/spectral_runs/v4_rlvr_lrscale_a2_lr0.1_s0/ckpt_000300,model.layers.23.self_attn.v_proj.weight,512,1024,0.0011265187058597803,13.434233665466309,8.385433318430213e-05
v4_rlvr_lrscale_a2_lr0.1_s0,/scratch/rhong5/spectral_runs/v4_rlvr_lrscale_a2_lr0.1_s0/ckpt_000300,model.layers.23.self_attn.o_proj.weight,1024,2048,0.0011204815236851573,20.064306259155273,5.584451858004736e-05
v4_rlvr_lrscale_a2_lr0.1_s0,/scratch/rhong5/spectral_runs/v4_rlvr_lrscale_a2_lr0.1_s0/ckpt_000300,model.layers.23.mlp.gate_proj.weight,3584,1024,0.018373746424913406,36.17702865600586,0.0005078843428414933
v4_rlvr_lrscale_a2_lr0.1_s0,/scratch/rhong5/spectral_runs/v4_rlvr_lrscale_a2_lr0.1_s0/ckpt_000300,model.layers.23.mlp.up_proj.weight,3584,1024,0.009045550599694252,21.24677276611328,0.00042573762609826105
v4_rlvr_lrscale_a2_lr0.1_s0,/scratch/rhong5/spectral_runs/v4_rlvr_lrscale_a2_lr0.1_s0/ckpt_000300,model.layers.23.mlp.down_proj.weight,1024,3584,0.009623988531529903,16.416725158691406,0.0005862307152309688
