step,matrix,m,n,r_null,G_r_spectrum,G_stable_rank_G,G_alignment_GW,G_G_fro,G_energy_top,G_energy_mid,G_energy_tail,G_energy_top_rows,G_energy_tail_rows,G_pangle_Gtop_Wtop_mean,H_r_spectrum,H_stable_rank_G,H_alignment_GW,H_G_fro,H_energy_top,H_energy_mid,H_energy_tail,H_energy_top_rows,H_energy_tail_rows,H_pangle_Gtop_Wtop_mean,n_microbatch,snr_diag_median,snr_offdiag_median,spearman_absC_snr,rho_sigma_absmed,rho_frame_absmed
4,model.layers.7.self_attn.q_proj.weight,4096,1024,0.000244140625,0.0001927857520058751,2.5800609588623047,0.0005797206540592015,2.841763973236084,0.0014707472873851657,0.195870503783226,0.24280184507369995,0.010763327591121197,0.5265274047851562,1.528971552848816,0.00021919533901382238,9.527861595153809,0.0014809886924922466,0.014317704364657402,0.0006652032025158405,0.2504707872867584,0.21880792081356049,0.012094643898308277,0.5018126964569092,1.5094337463378906,2.0,0.11682037264108658,0.09786108136177063,0.6316966414451599,0.47499123215675354,0.4673168957233429
4,model.layers.7.self_attn.k_proj.weight,512,1024,0.0009765625,0.0012088228249922395,2.247943878173828,1.314850669587031e-05,2.141091823577881,0.0021668339613825083,0.13012056052684784,0.265142560005188,0.025659937411546707,0.739952564239502,1.3290462493896484,0.0012072339886799455,7.978830337524414,-0.0027614496648311615,0.005038433242589235,0.0003121099143754691,0.253844290971756,0.207341268658638,0.014247406274080276,0.5290180444717407,1.3613868951797485,,,,,,
4,model.layers.7.self_attn.v_proj.weight,512,1024,0.0009765625,0.001216865610331297,2.089157819747925,0.00047778611769899726,3.7215375900268555,0.0011904193088412285,0.13938172161579132,0.2474776655435562,0.006081718485802412,0.7149614095687866,1.4444960355758667,0.0010332119418308139,6.464842796325684,0.0021864164154976606,0.005085513927042484,0.0009060062002390623,0.18113894760608673,0.24046708643436432,0.008967590518295765,0.6537599563598633,1.427191972732544,,,,,,
4,model.layers.7.self_attn.o_proj.weight,1024,2048,0.00048828125,0.0002484596043359488,1.9099568128585815,0.00014866337005514652,6.223028659820557,5.023008998250589e-05,0.1494983732700348,0.3561520278453827,0.013671311549842358,0.529526948928833,1.4392637014389038,0.00034997216425836086,5.415379047393799,0.0003500367165543139,0.010170104913413525,0.00011248524970142171,0.19207407534122467,0.29381558299064636,0.018921468406915665,0.48698705434799194,1.4018434286117554,,,,,,
4,model.layers.15.self_attn.q_proj.weight,4096,1024,0.000244140625,0.00015626974345650524,1.4541000127792358,-0.00017786155513022095,4.259739398956299,6.988881068537012e-05,0.2982836663722992,0.16979965567588806,0.0013302075676620007,0.40886425971984863,1.5406076908111572,0.0002641126629896462,4.311877727508545,0.001558100339025259,0.014441368170082569,0.00026671832893043756,0.2555166482925415,0.22119657695293427,0.009752784855663776,0.47120168805122375,1.511249303817749,2.0,0.14982081949710846,0.14314934611320496,0.5635873675346375,,
4,model.layers.15.self_attn.k_proj.weight,512,1024,0.0009765625,0.0007104785181581974,2.362563371658325,2.0054501874255948e-05,4.159282684326172,5.6750126532278955e-05,0.22763267159461975,0.25665655732154846,0.002578764222562313,0.5835543870925903,1.4561975002288818,0.0008715686271898448,5.790342330932617,-0.0004683901206590235,0.0050814468413591385,9.090496314456686e-05,0.25716397166252136,0.2306460589170456,0.005583330523222685,0.5076205730438232,1.4440739154815674,,,,,,
4,model.layers.15.self_attn.v_proj.weight,512,1024,0.0009765625,0.0008368264534510672,1.347274899482727,0.00029208158957771957,3.01253080368042,0.00016901546041481197,0.23126497864723206,0.2087322622537613,0.002111871261149645,0.5818972587585449,1.4529682397842407,0.0009048166684806347,3.992664337158203,0.0022128508426249027,0.005148317664861679,0.00018153652490582317,0.21126140654087067,0.23204892873764038,0.00592984352260828,0.5938355326652527,1.4565446376800537,,,,,0.37692904472351074,0.3672920763492584
4,model.layers.15.self_attn.o_proj.weight,1024,2048,0.00048828125,0.0004537879431154579,1.4835083484649658,0.00011504003487061709,4.817366123199463,6.729304004693404e-05,0.1389569789171219,0.3572118580341339,0.021141761913895607,0.514104425907135,1.4303570985794067,0.00040368063491769135,4.025250434875488,0.0002884124987758696,0.010205365717411041,8.83623433765024e-05,0.2021157145500183,0.285793662071228,0.022289004176855087,0.5090874433517456,1.3993905782699585,,,,,,
4,model.layers.19.self_attn.q_proj.weight,4096,1024,0.000244140625,0.00018820971308741719,1.6626983880996704,0.00024441827554255724,2.4942216873168945,0.0003390824713278562,0.24092094600200653,0.2098199874162674,0.005475519225001335,0.40125149488449097,1.5304877758026123,0.00025971661671064794,6.1948018074035645,-0.00012089724623365328,0.014372055418789387,0.0003937488072551787,0.23991316556930542,0.23940405249595642,0.014152411371469498,0.47441694140434265,1.5024851560592651,2.0,0.23348279297351837,0.1935630887746811,0.5613943338394165,,
4,model.layers.19.self_attn.k_proj.weight,512,1024,0.0009765625,0.0011438332730904222,1.9303396940231323,-1.9615405108197592e-05,1.409669280052185,0.0006492789252661169,0.3604609966278076,0.13719305396080017,0.036991313099861145,0.3892873525619507,1.3468947410583496,0.0010585010750219226,5.103041648864746,0.00022559614444617182,0.005147445946931839,0.0003541375626809895,0.3099571168422699,0.1841145008802414,0.022986697033047676,0.4246976673603058,1.3530009984970093,,,,,,
4,model.layers.19.self_attn.v_proj.weight,512,1024,0.0009765625,0.0008913645287975669,1.428135633468628,-0.002783441450446844,1.1394528150558472,0.0010367853101342916,0.16112622618675232,0.22642745077610016,0.02244773879647255,0.6548741459846497,1.3800846338272095,0.001014176057651639,4.521176338195801,0.002188492566347122,0.005069826263934374,0.0004798373265657574,0.21191886067390442,0.2560522258281708,0.010400807484984398,0.5680893659591675,1.408308982849121,,,,,,
4,model.layers.19.self_attn.o_proj.weight,1024,2048,0.00048828125,0.0002569957869127393,1.4665058851242065,-0.0008900660322979093,2.134289026260376,9.734869672683999e-05,0.11690502613782883,0.34380775690078735,0.011752529069781303,0.42597606778144836,1.4667387008666992,0.0004196170484647155,4.270137786865234,0.001614588894881308,0.010126905515789986,0.00015190283011179417,0.20883619785308838,0.28185632824897766,0.011003063060343266,0.5265567302703857,1.445171594619751,,,,,,
4,model.layers.1.mlp.gate_proj.weight,3584,1024,0.00027901785714285713,0.000723509700037539,2.5289406776428223,-0.0003890622465405613,3.7951977252960205,0.00017446390120312572,0.17979317903518677,0.30437174439430237,0.008325031958520412,0.527463972568512,1.5123436450958252,0.0002891167241614312,10.236717224121094,0.0008729728288017213,0.013447117991745472,0.00012063181202393025,0.2512626051902771,0.23514921963214874,0.01021740585565567,0.5074402093887329,1.5084624290466309,,,,,0.4649817645549774,0.4801601767539978
4,model.layers.1.mlp.up_proj.weight,3584,1024,0.00027901785714285713,0.00075158552499488,2.347815752029419,-0.00026533094933256507,6.034798622131348,9.88762330962345e-05,0.17440165579319,0.31704872846603394,0.006320627871900797,0.5075359344482422,1.516288161277771,0.0002911240153480321,9.546887397766113,0.0009528777445666492,0.013431972824037075,0.00013181165559217334,0.25252798199653625,0.234152689576149,0.009122272953391075,0.5027463436126709,1.5107711553573608,,,,,,
4,model.layers.1.mlp.down_proj.weight,1024,3584,0.00027901785714285713,0.00031051880796439946,3.796140193939209,-0.0002669081150088459,6.034921169281006,0.0011977674439549446,0.19129569828510284,0.2776956856250763,0.013501569628715515,0.5388132929801941,1.4513965845108032,0.00027366209542378783,11.40707778930664,0.001257757074199617,0.013466646894812584,0.0001881348725873977,0.2284712940454483,0.25682827830314636,0.01175218727439642,0.5148178935050964,1.4374467134475708,2.0,0.06885676085948944,0.08223584294319153,0.6010275483131409,,
4,model.layers.12.mlp.gate_proj.weight,3584,1024,0.00027901785714285713,0.000272309931460768,2.2998428344726562,7.25073114153929e-05,3.1417791843414307,0.0011693265987560153,0.196510910987854,0.24696457386016846,0.008158290758728981,0.5609974265098572,1.5249016284942627,0.0002832103637047112,7.499811172485352,-0.0003695315681397915,0.013497770763933659,0.0004361966857686639,0.2495567351579666,0.22419890761375427,0.010423907078802586,0.5015521049499512,1.5096443891525269,,,,,,
4,model.layers.12.mlp.up_proj.weight,3584,1024,0.00027901785714285713,0.0002902309352066368,2.1405906677246094,0.00016227462037932128,4.979712963104248,0.0003662969102151692,0.2301328480243683,0.24140526354312897,0.006176178343594074,0.49687403440475464,1.5153594017028809,0.0002778404741548002,6.973773956298828,0.0010868434328585863,0.013522900640964508,0.0002959560661111027,0.2612549662590027,0.21736375987529755,0.008914804086089134,0.49136418104171753,1.5140584707260132,,,,,,
4,model.layers.12.mlp.down_proj.weight,1024,3584,0.00027901785714285713,0.0002680039615370333,2.5060293674468994,0.00014470327005255967,5.717487335205078,0.00010325216135242954,0.20497915148735046,0.2844091057777405,0.01704607531428337,0.5149227380752563,1.4303616285324097,0.0002723203506320715,7.668162822723389,0.000649592955596745,0.013535811565816402,0.00016083182708825916,0.23277513682842255,0.2542354166507721,0.019743898883461952,0.5053882002830505,1.3971903324127197,2.0,0.1498592048883438,0.14029957354068756,0.6085609793663025,,
4,model.layers.22.mlp.gate_proj.weight,3584,1024,0.00027901785714285713,0.00022215631906874478,1.7653982639312744,-0.0007958897622302175,0.8365137577056885,0.0011478285305202007,0.17948174476623535,0.2571655213832855,0.007257450371980667,0.5409431457519531,1.5245579481124878,0.0002959948033094406,7.619041442871094,-0.0008568982011638582,0.01313856616616249,0.0005635716952383518,0.23943422734737396,0.2270427644252777,0.009994381107389927,0.4901594817638397,1.5064820051193237,,,,,0.3843734562397003,0.3961731195449829
4,model.layers.22.mlp.up_proj.weight,3584,1024,0.00027901785714285713,0.00033695626189000905,1.8084146976470947,-0.000789538724347949,2.0513463020324707,0.0003003057208843529,0.1673164963722229,0.3034772276878357,0.004714831709861755,0.595611035823822,1.5167444944381714,0.00032085334532894194,6.254264831542969,0.0017978264950215816,0.013355881907045841,0.001362128765322268,0.23128457367420197,0.24145422875881195,0.014656675979495049,0.504634439945221,1.4986759424209595,,,,,,
4,model.layers.22.mlp.down_proj.weight,1024,3584,0.00027901785714285713,0.000285835238173604,1.8954999446868896,-0.0009689182625152171,1.8313089609146118,0.00016229537141043693,0.1732170283794403,0.28967803716659546,0.00822466891258955,0.44557294249534607,1.4932481050491333,0.00032013384043239057,5.888767242431641,0.0017484019044786692,0.013369669206440449,0.000161734817083925,0.22434383630752563,0.26299238204956055,0.0086067458614707,0.5119895935058594,1.4744452238082886,2.0,0.25884637236595154,0.24565252661705017,0.5368534326553345,,
4,model.layers.1.linear_attn.in_proj_qkv.weight,6144,1024,0.00016276041666666666,0.00010774248221423477,2.388561487197876,-0.00018890842329710722,3.176692485809326,0.00035495689371600747,0.18903501331806183,0.2685602903366089,0.00707370787858963,0.5296427011489868,1.5340862274169922,0.00015010593051556498,14.309965133666992,-0.0008102188585326076,0.017326747998595238,0.00018085938063450158,0.2572653293609619,0.2228744477033615,0.009682402946054935,0.501999020576477,1.5232288837432861,2.0,0.07367109507322311,0.0828358456492424,0.5984051823616028,,
4,model.layers.1.linear_attn.out_proj.weight,1024,2048,0.00048828125,0.0007352328393608332,1.3046772480010986,-0.00030119300936348736,7.140292167663574,0.0005570140783675015,0.12868894636631012,0.3725030720233917,0.015613354742527008,0.5364624857902527,1.4475082159042358,0.0005172270466573536,12.17448902130127,-0.00036044500302523375,0.010123307816684246,0.0003812262148130685,0.2378053069114685,0.24694304168224335,0.012716560624539852,0.5092001557350159,1.445696234703064,,,,,,
4,model.layers.12.linear_attn.in_proj_qkv.weight,6144,1024,0.00016276041666666666,9.957305155694485e-05,2.240436315536499,-0.00019732984947040677,2.1749801635742188,0.0004670562921091914,0.16484738886356354,0.2627421021461487,0.0042960564605891705,0.6059073805809021,1.5475552082061768,0.00014820822980254889,9.543323516845703,-0.0006165148806758225,0.017612341791391373,0.00048263120697811246,0.24327176809310913,0.22790434956550598,0.009875437244772911,0.5117868185043335,1.5305837392807007,2.0,0.17594967782497406,0.15397687256336212,0.6116753816604614,,
4,model.layers.12.linear_attn.out_proj.weight,1024,2048,0.00048828125,0.0003005240287166089,2.292384386062622,-0.0005747929099015892,3.771635055541992,8.639601583126932e-05,0.18260730803012848,0.31846174597740173,0.01551878359168768,0.5239132642745972,1.4354448318481445,0.0004349036898929626,5.7793354988098145,0.0006343263085000217,0.010179953649640083,7.91552010923624e-05,0.22980915009975433,0.2583701014518738,0.017175721004605293,0.5052697062492371,1.4055414199829102,,,,,,
4,model.layers.21.linear_attn.in_proj_qkv.weight,6144,1024,0.00016276041666666666,7.884870865382254e-05,1.9577569961547852,-0.00010401519830338657,0.5314050912857056,0.0003202073567081243,0.16403503715991974,0.29306116700172424,0.003938859328627586,0.6152905225753784,1.5470842123031616,0.00013403285993263125,8.553879737854004,0.0004963551182299852,0.017163490876555443,0.00035594572545960546,0.23837292194366455,0.23274342715740204,0.009772595949470997,0.49887701869010925,1.5279959440231323,2.0,0.22048890590667725,0.2050444781780243,0.5856163501739502,,
4,model.layers.21.linear_attn.out_proj.weight,1024,2048,0.00048828125,0.00037835902185179293,1.9296112060546875,0.000748218793887645,1.2133814096450806,0.0002606979396659881,0.13678650557994843,0.3715280592441559,0.009333500638604164,0.5757115483283997,1.4821518659591675,0.0004487420083023608,5.167167663574219,0.0003908533544745296,0.010107413865625858,0.00018424744484946132,0.21011482179164886,0.27846622467041016,0.009633014909923077,0.5403947234153748,1.4689477682113647,,,,,,
8,model.layers.7.self_attn.q_proj.weight,4096,1024,0.000244140625,0.00012458690616767853,2.6844983100891113,0.0003957321459893137,1.687055230140686,0.0006254796753637493,0.17943903803825378,0.25651171803474426,0.006857217289507389,0.536590039730072,1.5317997932434082,0.00023410892754327506,9.333794593811035,0.0010016935411840677,0.008996469900012016,0.0009332244517281651,0.25474104285240173,0.2113998383283615,0.012093578465282917,0.5016929507255554,1.5113195180892944,2.0,0.4725831151008606,0.520390510559082,0.6383980512619019,0.3737766444683075,0.3786458373069763
8,model.layers.7.self_attn.k_proj.weight,512,1024,0.0009765625,0.0012101179454475641,3.2595105171203613,5.593125933955889e-06,1.1678663492202759,0.001159038976766169,0.13684965670108795,0.285800039768219,0.022171348333358765,0.7202157974243164,1.3244646787643433,0.0011708495439961553,10.233365058898926,-0.0003038428840227425,0.003132415935397148,0.0006132278358563781,0.26584333181381226,0.19898739457130432,0.01668667420744896,0.5050328373908997,1.348725438117981,,,,,,
8,model.layers.7.self_attn.v_proj.weight,512,1024,0.0009765625,0.0008089206530712545,1.8484631776809692,0.0008896769722923636,2.747244119644165,0.00015569203242193907,0.13329875469207764,0.25090938806533813,0.002083033323287964,0.7324687838554382,1.463273286819458,0.001041751354932785,5.511679649353027,0.0035824901424348354,0.0032140547409653664,0.0008088489412330091,0.17709791660308838,0.23775708675384521,0.009315741248428822,0.665046215057373,1.4222264289855957,,,,,,
8,model.layers.7.self_attn.o_proj.weight,1024,2048,0.00048828125,0.0002654727140907198,1.9065829515457153,0.0003023217723239213,4.307613372802734,5.860184319317341e-05,0.1615803986787796,0.33456143736839294,0.016217147931456566,0.5086502432823181,1.4264805316925049,0.00032412406289950013,5.256908893585205,0.0009848823538050056,0.006471569649875164,0.00011999601701973006,0.18581224977970123,0.301959753036499,0.01727122627198696,0.4895489513874054,1.4116241931915283,,,,,,
8,model.layers.15.self_attn.q_proj.weight,4096,1024,0.000244140625,0.00012648421397898346,2.2398109436035156,0.00023445894476026297,1.4375873804092407,0.0005893563502468169,0.21340374648571014,0.21875543892383575,0.004774631932377815,0.4227156341075897,1.5405687093734741,0.00024306427803821862,7.200733184814453,0.0015357169322669506,0.009039785712957382,0.00037087639793753624,0.2500520944595337,0.22409605979919434,0.010950052179396152,0.4706169366836548,1.509499430656433,2.0,0.5048503875732422,0.5610501170158386,0.584743320941925,,
8,model.layers.15.self_attn.k_proj.weight,512,1024,0.0009765625,0.0010066827526316047,3.0707077980041504,9.077723916561808e-06,1.2845643758773804,3.8215926906559616e-05,0.2587187886238098,0.19340424239635468,0.0025498801842331886,0.5594155192375183,1.4758071899414062,0.0009233763557858765,9.795114517211914,0.0011210024822503328,0.0031380101572722197,8.946202433435246e-05,0.2811833620071411,0.21345154941082,0.00647432217374444,0.48593956232070923,1.4386543035507202,,,,,,
8,model.layers.15.self_attn.v_proj.weight,512,1024,0.0009765625,0.0009539544698782265,1.7243413925170898,-0.00016278268594760448,1.4309096336364746,4.315405021770857e-05,0.19472520053386688,0.25991448760032654,0.00642157718539238,0.6318648457527161,1.4402529001235962,0.0010237277019768953,4.658088207244873,-0.0005559277487918735,0.0032708849757909775,0.0005376726621761918,0.21200643479824066,0.23159736394882202,0.0058942981995642185,0.6002827286720276,1.4475239515304565,,,,,0.38300153613090515,0.38583868741989136
8,model.layers.15.self_attn.o_proj.weight,1024,2048,0.00048828125,0.00035055255284532905,1.6535180807113647,-5.9706355386879295e-05,2.3866195678710938,3.9700822526356205e-05,0.10460972040891647,0.42344096302986145,0.014122186228632927,0.572118878364563,1.4418405294418335,0.0004526279226411134,5.2423014640808105,0.0004614657664205879,0.006509334314614534,0.00011560097482288256,0.1947978287935257,0.2968926727771759,0.019531743600964546,0.5250341892242432,1.4067343473434448,,,,,,
8,model.layers.19.self_attn.q_proj.weight,4096,1024,0.000244140625,0.0001543764810776338,1.6087350845336914,0.001377561129629612,0.9399147629737854,0.00047817506128922105,0.2213914543390274,0.23537378013134003,0.009681235998868942,0.4693109095096588,1.5246615409851074,0.00024932384258136153,9.007501602172852,0.0007311886292882264,0.009156668558716774,0.00048302015056833625,0.2375079244375229,0.23828795552253723,0.01857089065015316,0.4726991355419159,1.4949651956558228,2.0,0.6417031288146973,0.5901733040809631,0.561353325843811,,
8,model.layers.19.self_attn.k_proj.weight,512,1024,0.0009765625,0.0012117758160457015,1.3146408796310425,-2.526891421439359e-06,1.0845589637756348,0.00014967499009799212,0.1242431029677391,0.3159303665161133,0.004158763214945793,0.7642908692359924,1.3847826719284058,0.0010582356480881572,7.758375644683838,-0.0006430904031731188,0.0032701522577553988,0.0004963674582540989,0.2830977141857147,0.20434461534023285,0.018761809915304184,0.46488305926322937,1.3316471576690674,,,,,,
8,model.layers.19.self_attn.v_proj.weight,512,1024,0.0009765625,0.0010450498666614294,1.3716366291046143,0.00025877985171973705,0.6978473663330078,0.0014957170933485031,0.09819703549146652,0.3222684860229492,0.0055762422271072865,0.7606133818626404,1.4462746381759644,0.0012227175757288933,3.8969788551330566,0.0006930974777787924,0.0033028866164386272,0.0005887835868634284,0.18633171916007996,0.299257755279541,0.00725807948037982,0.6286200284957886,1.4227629899978638,,,,,,
8,model.layers.19.self_attn.o_proj.weight,1024,2048,0.00048828125,0.0004426670784596354,1.2939488887786865,8.30069839139469e-05,1.2709362506866455,3.825168823823333e-05,0.061362676322460175,0.4739079177379608,0.005152193829417229,0.5709250569343567,1.4790347814559937,0.0004342234751675278,5.459074020385742,0.0012557494919747114,0.006511980202049017,0.0001026164973154664,0.19908176362514496,0.2928510010242462,0.008884357288479805,0.5400448441505432,1.4636434316635132,,,,,,
8,model.layers.1.mlp.gate_proj.weight,3584,1024,0.00027901785714285713,0.00041956722270697355,2.0406758785247803,0.00013589023728854954,2.8326799869537354,0.00026623185840435326,0.19115541875362396,0.30061423778533936,0.010814647190272808,0.5128839015960693,1.51622474193573,0.0002685893850866705,6.368202209472656,0.0011998297413811088,0.008711828850209713,0.0001480605424148962,0.2611492872238159,0.2274651825428009,0.011455942876636982,0.4987654685974121,1.5013439655303955,,,,,0.43348297476768494,0.43129637837409973
8,model.layers.1.mlp.up_proj.weight,3584,1024,0.00027901785714285713,0.0002699791803024709,2.0767579078674316,0.0005097850225865841,4.425818920135498,4.624774373951368e-05,0.17559407651424408,0.3150159418582916,0.005207078531384468,0.5062212347984314,1.51466965675354,0.0003165180387441069,6.614893913269043,0.0014140036655589938,0.008690405637025833,9.678745846031234e-05,0.2581121325492859,0.23000657558441162,0.009082975797355175,0.5037788152694702,1.507453441619873,,,,,,
8,model.layers.1.mlp.down_proj.weight,1024,3584,0.00027901785714285713,0.0002923548745457083,3.080615520477295,0.0005103913135826588,4.403449535369873,0.0011974780354648829,0.19863706827163696,0.26459240913391113,0.014093806967139244,0.5340037941932678,1.4410018920898438,0.000313651718897745,7.7471723556518555,0.0015072700334712863,0.008666571229696274,0.00036165519850328565,0.23324349522590637,0.2506585419178009,0.015512090176343918,0.5096561908721924,1.4164221286773682,2.0,0.490374356508255,0.49996307492256165,0.6524450182914734,,
8,model.layers.12.mlp.gate_proj.weight,3584,1024,0.00027901785714285713,0.00020788369874935597,2.380305767059326,-0.00037785220774821937,1.9073171615600586,0.0007468154653906822,0.18528589606285095,0.2552906572818756,0.006778260692954063,0.5799617767333984,1.5243901014328003,0.0002647186629474163,7.748339653015137,0.0011048165615648031,0.008598503656685352,0.0005239266902208328,0.24792224168777466,0.22175663709640503,0.011625617742538452,0.5051295757293701,1.4976800680160522,,,,,,
8,model.layers.12.mlp.up_proj.weight,3584,1024,0.00027901785714285713,0.00028653419576585293,2.151916027069092,0.0001249942579306662,3.0102217197418213,0.00021182543423492461,0.2224479764699936,0.24510705471038818,0.005203142762184143,0.5164788365364075,1.517248511314392,0.0002913370553869754,7.209724426269531,0.002003917470574379,0.00859815813601017,0.00032611863571219146,0.26398470997810364,0.21207134425640106,0.008735984563827515,0.48918256163597107,1.5135612487792969,,,,,,
8,model.layers.12.mlp.down_proj.weight,1024,3584,0.00027901785714285713,0.0002632348332554102,2.6141765117645264,0.0001328911748714745,2.9302804470062256,0.0001465544628445059,0.2298089861869812,0.2558690905570984,0.01694953255355358,0.4861600697040558,1.4306305646896362,0.00027314177714288235,8.509573936462402,0.0017693382687866688,0.008579863235354424,0.00016593562031630427,0.24003703892230988,0.24546080827713013,0.01923774927854538,0.4895307719707489,1.400276780128479,2.0,0.5294861793518066,0.5100523829460144,0.6417561173439026,,
8,model.layers.22.mlp.gate_proj.weight,3584,1024,0.00027901785714285713,0.00022739116684533656,1.6878271102905273,0.002447941107675433,0.6371620893478394,0.0006303686532191932,0.16703678667545319,0.27105674147605896,0.005443892441689968,0.582680344581604,1.5273518562316895,0.0002926114830188453,9.044898986816406,-0.0003938349836971611,0.008589317090809345,0.0006657507619820535,0.23529382050037384,0.23164357244968414,0.010050232522189617,0.49640026688575745,1.5112736225128174,,,,,0.37087950110435486,0.3637954592704773
8,model.layers.22.mlp.up_proj.weight,3584,1024,0.00027901785714285713,0.00021036728867329657,2.1136598587036133,0.0015887676272541285,1.1854997873306274,0.0006034862017259002,0.1715526282787323,0.2998383641242981,0.00988609716296196,0.5922279357910156,1.5114339590072632,0.00032318473677150905,7.685177803039551,0.0024734202306717634,0.008585897274315357,0.0012573122512549162,0.2296321839094162,0.24152341485023499,0.014478489756584167,0.5054652690887451,1.5047205686569214,,,,,,
8,model.layers.22.mlp.down_proj.weight,1024,3584,0.00027901785714285713,0.0003909230581484735,2.2047929763793945,0.0017418450443074107,1.1804382801055908,0.00028322500293143094,0.10388147085905075,0.4304580092430115,0.010169552639126778,0.602373480796814,1.469214677810669,0.0002899234532378614,6.427684783935547,0.0017435654299333692,0.008602230809628963,0.00022506351524498314,0.21373960375785828,0.27127766609191895,0.009492354467511177,0.5294390916824341,1.4718376398086548,2.0,0.4567166268825531,0.4367786645889282,0.5582066178321838,,
8,model.layers.1.linear_attn.in_proj_qkv.weight,6144,1024,0.00016276041666666666,0.00010215817746939138,2.1310226917266846,-0.00010202967678196728,2.53971004486084,0.000982927973382175,0.1935783326625824,0.25758981704711914,0.011558787897229195,0.5164539217948914,1.5273592472076416,0.00015310525486711413,10.450958251953125,0.00045243685599416494,0.011393153108656406,0.0003404218587093055,0.25952982902526855,0.22049856185913086,0.010000122711062431,0.49747079610824585,1.5252717733383179,2.0,0.49630725383758545,0.4419479966163635,0.6456332802772522,,
8,model.layers.1.linear_attn.out_proj.weight,1024,2048,0.00048828125,0.0007009031251072884,1.2576539516448975,-0.00027415924705564976,5.664413928985596,0.0006766506121493876,0.1561955362558365,0.32616114616394043,0.018237609416246414,0.4829083979129791,1.4498826265335083,0.0005213821423240006,6.1349778175354,-0.0007932775188237429,0.006584444083273411,0.0003582999634090811,0.24646273255348206,0.2383842021226883,0.013114145025610924,0.49738648533821106,1.44074285030365,,,,,,
8,model.layers.12.linear_attn.in_proj_qkv.weight,6144,1024,0.00016276041666666666,7.62820418458432e-05,1.6838362216949463,-0.00017724244389683008,2.204819917678833,0.00030867999885231256,0.14709490537643433,0.2719775140285492,0.0021140044555068016,0.6521071195602417,1.5501304864883423,0.0001190804032376036,9.897819519042969,0.00014354978338815272,0.011312794871628284,0.00028972633299417794,0.24942255020141602,0.22137366235256195,0.008585963398218155,0.5036941766738892,1.5323055982589722,2.0,0.43280595541000366,0.46459126472473145,0.5992340445518494,,
8,model.layers.12.linear_attn.out_proj.weight,1024,2048,0.00048828125,0.00027847508317790926,1.7830824851989746,0.0008444596314802766,2.6437265872955322,5.436498759081587e-05,0.1715291440486908,0.31537309288978577,0.01339744869619608,0.4942632019519806,1.4534629583358765,0.0004193078784737736,5.989006519317627,0.0006980361067689955,0.006544449832290411,9.269683505408466e-05,0.2326153963804245,0.2559875547885895,0.01639108546078205,0.5052362084388733,1.4084408283233643,,,,,,
8,model.layers.21.linear_attn.in_proj_qkv.weight,6144,1024,0.00016276041666666666,9.351031621918082e-05,2.635352373123169,-0.00034322089049965143,0.39885085821151733,0.0009068044601008296,0.18410803377628326,0.26258766651153564,0.008063829503953457,0.5413069725036621,1.5420233011245728,0.0001344898046227172,11.134880065917969,0.0009506610222160816,0.011003767140209675,0.0003954706189688295,0.2338317334651947,0.2363247126340866,0.010692045092582703,0.5003872513771057,1.5256456136703491,2.0,0.47361087799072266,0.44720005989074707,0.6060301065444946,,
8,model.layers.21.linear_attn.out_proj.weight,1024,2048,0.00048828125,0.00035370970726944506,1.9328153133392334,2.237804619653616e-05,0.659299373626709,0.0001037419424392283,0.1554735153913498,0.3303051292896271,0.006688464432954788,0.4991667568683624,1.4713228940963745,0.00046357428072951734,5.242010593414307,0.0009261228842660785,0.00644947262480855,0.00019621438696049154,0.21756470203399658,0.26950305700302124,0.00967863667756319,0.5301344990730286,1.4640802145004272,,,,,,
