run,ckpt,n_matrices,disp_fro_total,kl_base_to_ckpt
v3_rlvr_exact_iso_lr0.1_s0,/scratch/rhong5/spectral_runs/v3_rlvr_exact_iso_lr0.1_s0/ckpt_000300,186,0.63834062969995,0.6610287808738714
v3_rlvr_exact_iso_lr0.1_s1,/scratch/rhong5/spectral_runs/v3_rlvr_exact_iso_lr0.1_s1/ckpt_000300,186,0.6399705728044189,0.6175802555098566
v3_rlvr_exact_iso_lr0.1_s2,/scratch/rhong5/spectral_runs/v3_rlvr_exact_iso_lr0.1_s2/ckpt_000300,186,0.6424223422182256,0.5249898702959105
v3_rlvr_frame_matched_lr0.1_s0,/scratch/rhong5/spectral_runs/v3_rlvr_frame_matched_lr0.1_s0/ckpt_000300,186,0.09339592572508458,0.5024452253604885
v3_rlvr_frame_matched_lr0.1_s1,/scratch/rhong5/spectral_runs/v3_rlvr_frame_matched_lr0.1_s1/ckpt_000300,186,0.09320136047683798,0.5234270307077438
v3_rlvr_frame_matched_lr0.1_s2,/scratch/rhong5/spectral_runs/v3_rlvr_frame_matched_lr0.1_s2/ckpt_000300,186,0.0887524318722233,0.31930646695340376
v3_rlvr_full_lr0.1_s0,/scratch/rhong5/spectral_runs/v3_rlvr_full_lr0.1_s0/ckpt_000300,186,0.09558177652330127,0.6049373842098157
v3_rlvr_full_lr0.1_s1,/scratch/rhong5/spectral_runs/v3_rlvr_full_lr0.1_s1/ckpt_000300,186,0.09715292946750484,0.6739934725708843
v3_rlvr_full_lr0.1_s2,/scratch/rhong5/spectral_runs/v3_rlvr_full_lr0.1_s2/ckpt_000300,186,0.09437772574567073,0.5203809063257175
v3_rlvr_random_ext_lr0.1_s0,/scratch/rhong5/spectral_runs/v3_rlvr_random_ext_lr0.1_s0/ckpt_000300,186,0.13135699655383737,0.004243468534387135
v3_rlvr_random_ext_lr0.1_s1,/scratch/rhong5/spectral_runs/v3_rlvr_random_ext_lr0.1_s1/ckpt_000300,186,0.13581035098591673,0.004642147417592113
v3_rlvr_random_ext_lr0.1_srel10_s0,/scratch/rhong5/spectral_runs/v3_rlvr_random_ext_lr0.1_srel10_s0/ckpt_000300,186,0.9800505523905079,0.032602551352373645
v3_rlvr_random_ext_lr0.1_srel3_s0,/scratch/rhong5/spectral_runs/v3_rlvr_random_ext_lr0.1_srel3_s0/ckpt_000300,186,0.3527091081180788,0.014226196708068517
v3_rlvr_random_ext_lr1_s2,/scratch/rhong5/spectral_runs/v3_rlvr_random_ext_lr1_s2/ckpt_000300,186,0.9350837775660825,0.16505790415771382
v3_rlvr_spectrum_matched_lr0.1_s0,/scratch/rhong5/spectral_runs/v3_rlvr_spectrum_matched_lr0.1_s0/ckpt_000300,186,0.13587541805433934,0.004623536854822294
v3_rlvr_spectrum_matched_lr0.1_s1,/scratch/rhong5/spectral_runs/v3_rlvr_spectrum_matched_lr0.1_s1/ckpt_000300,186,0.13639027364920103,0.005206873327663084
v3_rlvr_spectrum_matched_lr0.1_srel10_s0,/scratch/rhong5/spectral_runs/v3_rlvr_spectrum_matched_lr0.1_srel10_s0/ckpt_000300,186,0.9522617303691223,0.11337115206767132
v3_rlvr_spectrum_matched_lr0.1_srel3_s0,/scratch/rhong5/spectral_runs/v3_rlvr_spectrum_matched_lr0.1_srel3_s0/ckpt_000300,186,0.33742079744949366,0.016023914360510573
v3_rlvr_spectrum_matched_lr1_s2,/scratch/rhong5/spectral_runs/v3_rlvr_spectrum_matched_lr1_s2/ckpt_000300,186,0.8885916377262465,0.12202444476752436
v3_sft_exact_iso_lr0.1_s0,/scratch/rhong5/spectral_runs/v3_sft_exact_iso_lr0.1_s0/ckpt_000300,186,0.7961100203261796,0.8419724133372516
v3_sft_exact_iso_lr0.1_s1,/scratch/rhong5/spectral_runs/v3_sft_exact_iso_lr0.1_s1/ckpt_000300,186,0.7922625919037619,0.7982269586312445
v3_sft_frame_matched_lr0.1_s0,/scratch/rhong5/spectral_runs/v3_sft_frame_matched_lr0.1_s0/ckpt_000300,186,0.489591883546436,0.8722790835854165
v3_sft_frame_matched_lr0.1_s1,/scratch/rhong5/spectral_runs/v3_sft_frame_matched_lr0.1_s1/ckpt_000300,186,0.4897792614991241,0.8224831389263739
v3_sft_full_lr0.033_s0,/scratch/rhong5/spectral_runs/v3_sft_full_lr0.033_s0/ckpt_000300,186,0.2611593332936202,0.8867461314568152
v3_sft_full_lr0.033_s1,/scratch/rhong5/spectral_runs/v3_sft_full_lr0.033_s1/ckpt_000300,186,0.26060971661262095,0.85892345909187
v3_sft_full_lr0.1_s0,/scratch/rhong5/spectral_runs/v3_sft_full_lr0.1_s0/ckpt_000300,186,0.48955775175436733,0.8736588663697631
v3_sft_full_lr0.1_s1,/scratch/rhong5/spectral_runs/v3_sft_full_lr0.1_s1/ckpt_000300,186,0.4895042195742343,0.8205472440446
v3_sft_full_lr0.33_s0,/scratch/rhong5/spectral_runs/v3_sft_full_lr0.33_s0/ckpt_000300,186,1.2643382838655943,0.8954617924422615
v3_sft_full_lr0.33_s1,/scratch/rhong5/spectral_runs/v3_sft_full_lr0.33_s1/ckpt_000300,186,1.2654968053315327,0.7980166246824711
v3_sft_random_ext_lr0.1_s0,/scratch/rhong5/spectral_runs/v3_sft_random_ext_lr0.1_s0/ckpt_000300,186,2.0563636112934915,0.5034092716766282
v3_sft_random_ext_lr0.1_s1,/scratch/rhong5/spectral_runs/v3_sft_random_ext_lr0.1_s1/ckpt_000300,186,2.0373513581532237,0.5081864038869213
v3_sft_random_ext_lr0.1_srel10_s0,/scratch/rhong5/spectral_runs/v3_sft_random_ext_lr0.1_srel10_s0/ckpt_000300,186,7.363336054894384,0.6711389385975862
v3_sft_random_ext_lr0.1_srel3_s0,/scratch/rhong5/spectral_runs/v3_sft_random_ext_lr0.1_srel3_s0/ckpt_000300,186,3.794417641066661,0.6012012342168884
v3_sft_random_ext_lr1_s2,/scratch/rhong5/spectral_runs/v3_sft_random_ext_lr1_s2/ckpt_000300,186,6.405961409759849,0.6880597224572463
v3_sft_spectrum_matched_lr0.1_s0,/scratch/rhong5/spectral_runs/v3_sft_spectrum_matched_lr0.1_s0/ckpt_000300,186,1.7444885288823242,0.5002019353690705
v3_sft_spectrum_matched_lr0.1_s1,/scratch/rhong5/spectral_runs/v3_sft_spectrum_matched_lr0.1_s1/ckpt_000300,186,1.7474372091879973,0.49557869614619293
v3_sft_spectrum_matched_lr0.1_srel10_s0,/scratch/rhong5/spectral_runs/v3_sft_spectrum_matched_lr0.1_srel10_s0/ckpt_000300,186,6.382900818863816,0.6822768422154011
v3_sft_spectrum_matched_lr0.1_srel3_s0,/scratch/rhong5/spectral_runs/v3_sft_spectrum_matched_lr0.1_srel3_s0/ckpt_000300,186,3.213758156237079,0.5956811827395799
v3_sft_spectrum_matched_lr1_s2,/scratch/rhong5/spectral_runs/v3_sft_spectrum_matched_lr1_s2/ckpt_000300,186,5.627051148426634,0.6748286209378855
