matrix,family,m,n,w_fro,direction,eta,step_fro,kl,kl_per_step2
model.layers.7.self_attn.q_proj.weight,self_attn,4096,1024,31.464515686035156,spec_rand,0.001,0.03146451568603516,0.0003174305586909735,0.32063182786585237
model.layers.7.self_attn.q_proj.weight,self_attn,4096,1024,31.464515686035156,spec_rand,0.003,0.09439354705810547,0.0003528561267869482,0.03960162897846607
model.layers.7.self_attn.q_proj.weight,self_attn,4096,1024,31.464515686035156,spec_rand,0.01,0.31464515686035155,0.00036583255599685757,0.003695219565684643
model.layers.7.self_attn.q_proj.weight,self_attn,4096,1024,31.464515686035156,spec_rand,0.03,0.9439354705810546,0.0004510820683547389,0.000506256894913131
model.layers.7.self_attn.q_proj.weight,self_attn,4096,1024,31.464515686035156,spec_scale,0.001,0.03146451568603516,7.830180143865128e-06,0.007909147066368348
model.layers.7.self_attn.q_proj.weight,self_attn,4096,1024,31.464515686035156,spec_scale,0.003,0.09439354705810547,0.0003485985011915018,0.039123788588686204
model.layers.7.self_attn.q_proj.weight,self_attn,4096,1024,31.464515686035156,spec_scale,0.01,0.31464515686035155,0.0003884877945443247,0.0039240567191133075
model.layers.7.self_attn.q_proj.weight,self_attn,4096,1024,31.464515686035156,spec_scale,0.03,0.9439354705810546,0.0006184351358182805,0.0006940800211954467
model.layers.7.self_attn.q_proj.weight,self_attn,4096,1024,31.464515686035156,frame_rot,0.001,0.03146451568603516,0.00032012690292804104,0.3233553645815728
model.layers.7.self_attn.q_proj.weight,self_attn,4096,1024,31.464515686035156,frame_rot,0.003,0.09439354705810547,0.0003178014875643643,0.035667388615098515
model.layers.7.self_attn.q_proj.weight,self_attn,4096,1024,31.464515686035156,frame_rot,0.01,0.31464515686035155,0.0003805499603889931,0.0038438778514889808
model.layers.7.self_attn.q_proj.weight,self_attn,4096,1024,31.464515686035156,frame_rot,0.03,0.9439354705810546,0.0006413917504588202,0.0007198446109696012
model.layers.7.self_attn.q_proj.weight,self_attn,4096,1024,31.464515686035156,gauss,0.001,0.03146451568603516,0.0003173450810690785,0.3205454882069902
model.layers.7.self_attn.q_proj.weight,self_attn,4096,1024,31.464515686035156,gauss,0.003,0.09439354705810547,0.0003249819795245786,0.0364732671500147
model.layers.7.self_attn.q_proj.weight,self_attn,4096,1024,31.464515686035156,gauss,0.01,0.31464515686035155,0.00034391088036384384,0.0034737920208042458
model.layers.7.self_attn.q_proj.weight,self_attn,4096,1024,31.464515686035156,gauss,0.03,0.9439354705810546,0.0004600134694928257,0.0005162807547040627
model.layers.7.self_attn.k_proj.weight,self_attn,512,1024,7.667405605316162,spec_rand,0.001,0.007667405605316162,0.00033400624709152966,5.681430700073919
model.layers.7.self_attn.k_proj.weight,self_attn,512,1024,7.667405605316162,spec_rand,0.003,0.02300221681594849,0.000326020492899608,0.6161770437071021
model.layers.7.self_attn.k_proj.weight,self_attn,512,1024,7.667405605316162,spec_rand,0.01,0.07667405605316162,0.0003381077099845968,0.05751196392778164
model.layers.7.self_attn.k_proj.weight,self_attn,512,1024,7.667405605316162,spec_rand,0.03,0.23002216815948484,0.0003702040163283121,0.006996836742404345
model.layers.7.self_attn.k_proj.weight,self_attn,512,1024,7.667405605316162,spec_scale,0.001,0.007667405605316162,0.0,0.0
model.layers.7.self_attn.k_proj.weight,self_attn,512,1024,7.667405605316162,spec_scale,0.003,0.02300221681594849,0.00032921455154954766,0.622213798019209
model.layers.7.self_attn.k_proj.weight,self_attn,512,1024,7.667405605316162,spec_scale,0.01,0.07667405605316162,0.00033667346072786694,0.05726799879749741
model.layers.7.self_attn.k_proj.weight,self_attn,512,1024,7.667405605316162,spec_scale,0.03,0.23002216815948484,0.00032554265716134385,0.006152739366356341
model.layers.7.self_attn.k_proj.weight,self_attn,512,1024,7.667405605316162,frame_rot,0.001,0.007667405605316162,0.0003116179651827408,5.300607067982852
model.layers.7.self_attn.k_proj.weight,self_attn,512,1024,7.667405605316162,frame_rot,0.003,0.02300221681594849,0.00031830729298795073,0.6015991358068451
model.layers.7.self_attn.k_proj.weight,self_attn,512,1024,7.667405605316162,frame_rot,0.01,0.07667405605316162,0.0003376089306676,0.05742712179836569
model.layers.7.self_attn.k_proj.weight,self_attn,512,1024,7.667405605316162,frame_rot,0.03,0.23002216815948484,0.0003837952303679847,0.007253709984109882
model.layers.7.self_attn.k_proj.weight,self_attn,512,1024,7.667405605316162,gauss,0.001,0.007667405605316162,0.0003254306046575713,5.535559421852597
model.layers.7.self_attn.k_proj.weight,self_attn,512,1024,7.667405605316162,gauss,0.003,0.02300221681594849,0.00032762710470268683,0.6192135316971711
model.layers.7.self_attn.k_proj.weight,self_attn,512,1024,7.667405605316162,gauss,0.01,0.07667405605316162,0.0003159639134945801,0.05374531446268664
model.layers.7.self_attn.k_proj.weight,self_attn,512,1024,7.667405605316162,gauss,0.03,0.23002216815948484,0.0003752567449788673,0.007092333052309992
model.layers.7.self_attn.v_proj.weight,self_attn,512,1024,8.579773902893066,spec_rand,0.001,0.008579773902893066,0.0003356138818457548,4.559195647982267
model.layers.7.self_attn.v_proj.weight,self_attn,512,1024,8.579773902893066,spec_rand,0.003,0.0257393217086792,0.0003323912519559757,0.501713040331648
model.layers.7.self_attn.v_proj.weight,self_attn,512,1024,8.579773902893066,spec_rand,0.01,0.08579773902893066,0.00036222158058562116,0.04920651805964954
model.layers.7.self_attn.v_proj.weight,self_attn,512,1024,8.579773902893066,spec_rand,0.03,0.25739321708679197,0.00046925917775785556,0.007083021812126558
model.layers.7.self_attn.v_proj.weight,self_attn,512,1024,8.579773902893066,spec_scale,0.001,0.008579773902893066,0.0,0.0
model.layers.7.self_attn.v_proj.weight,self_attn,512,1024,8.579773902893066,spec_scale,0.003,0.0257393217086792,0.00035593613840553714,0.5372518112690897
model.layers.7.self_attn.v_proj.weight,self_attn,512,1024,8.579773902893066,spec_scale,0.01,0.08579773902893066,0.0003667771817930906,0.04982538033926713
model.layers.7.self_attn.v_proj.weight,self_attn,512,1024,8.579773902893066,spec_scale,0.03,0.25739321708679197,0.0004482218904739964,0.006765483931649691
model.layers.7.self_attn.v_proj.weight,self_attn,512,1024,8.579773902893066,frame_rot,0.001,0.008579773902893066,0.00031807704369581405,4.320963916526876
model.layers.7.self_attn.v_proj.weight,self_attn,512,1024,8.579773902893066,frame_rot,0.003,0.0257393217086792,0.00033308012223059503,0.502752824615499
model.layers.7.self_attn.v_proj.weight,self_attn,512,1024,8.579773902893066,frame_rot,0.01,0.08579773902893066,0.0003671765870909855,0.04987963813354933
model.layers.7.self_attn.v_proj.weight,self_attn,512,1024,8.579773902893066,frame_rot,0.03,0.25739321708679197,0.0005230275028254776,0.007894603635789893
model.layers.7.self_attn.v_proj.weight,self_attn,512,1024,8.579773902893066,gauss,0.001,0.008579773902893066,0.0003283399337887147,4.4603816414134085
model.layers.7.self_attn.v_proj.weight,self_attn,512,1024,8.579773902893066,gauss,0.003,0.0257393217086792,0.0003290397964145608,0.4966543363515495
model.layers.7.self_attn.v_proj.weight,self_attn,512,1024,8.579773902893066,gauss,0.01,0.08579773902893066,0.00036051610479877146,0.048974835217975014
model.layers.7.self_attn.v_proj.weight,self_attn,512,1024,8.579773902893066,gauss,0.03,0.25739321708679197,0.0004581131058668312,0.006914782438096894
model.layers.7.self_attn.o_proj.weight,self_attn,1024,2048,16.176931381225586,spec_rand,0.001,0.016176931381225588,0.00032104011532146763,1.2267809292156153
model.layers.7.self_attn.o_proj.weight,self_attn,1024,2048,16.176931381225586,spec_rand,0.003,0.04853079414367676,0.000333275288689146,0.1415038698801006
model.layers.7.self_attn.o_proj.weight,self_attn,1024,2048,16.176931381225586,spec_rand,0.01,0.16176931381225587,0.0003557374540078065,0.013593688251310933
model.layers.7.self_attn.o_proj.weight,self_attn,1024,2048,16.176931381225586,spec_rand,0.03,0.4853079414367676,0.0004790050106062884,0.002033786031942185
model.layers.7.self_attn.o_proj.weight,self_attn,1024,2048,16.176931381225586,spec_scale,0.001,0.016176931381225588,1.374933649963167e-05,0.05253992570438255
model.layers.7.self_attn.o_proj.weight,self_attn,1024,2048,16.176931381225586,spec_scale,0.003,0.04853079414367676,0.0003244471385781225,0.1377555649592475
model.layers.7.self_attn.o_proj.weight,self_attn,1024,2048,16.176931381225586,spec_scale,0.01,0.16176931381225587,0.0003583542352855678,0.013693682526614239
model.layers.7.self_attn.o_proj.weight,self_attn,1024,2048,16.176931381225586,spec_scale,0.03,0.4853079414367676,0.00045788706278190877,0.0019441222782078662
model.layers.7.self_attn.o_proj.weight,self_attn,1024,2048,16.176931381225586,frame_rot,0.001,0.016176931381225588,0.0003170867816130746,1.2116741741129844
model.layers.7.self_attn.o_proj.weight,self_attn,1024,2048,16.176931381225586,frame_rot,0.003,0.04853079414367676,0.00033213693089368984,0.14102053961580527
model.layers.7.self_attn.o_proj.weight,self_attn,1024,2048,16.176931381225586,frame_rot,0.01,0.16176931381225587,0.00033858545514438987,0.012938264081577574
model.layers.7.self_attn.o_proj.weight,self_attn,1024,2048,16.176931381225586,frame_rot,0.03,0.4853079414367676,0.0004246558334562434,0.0018030272822677162
model.layers.7.self_attn.o_proj.weight,self_attn,1024,2048,16.176931381225586,gauss,0.001,0.016176931381225588,0.0003233762406832738,1.2357078947421851
model.layers.7.self_attn.o_proj.weight,self_attn,1024,2048,16.176931381225586,gauss,0.003,0.04853079414367676,0.00031968983397738596,0.13573568219551066
model.layers.7.self_attn.o_proj.weight,self_attn,1024,2048,16.176931381225586,gauss,0.01,0.16176931381225587,0.00036499280843881884,0.013947360324276884
model.layers.7.self_attn.o_proj.weight,self_attn,1024,2048,16.176931381225586,gauss,0.03,0.4853079414367676,0.0005704715310055011,0.002422139655514555
model.layers.15.self_attn.q_proj.weight,self_attn,4096,1024,32.12224197387695,spec_rand,0.001,0.032122241973876954,0.000216896623446597,0.210204056430395
model.layers.15.self_attn.q_proj.weight,self_attn,4096,1024,32.12224197387695,spec_rand,0.003,0.09636672592163086,0.00021989235232653718,0.0236785943370751
model.layers.15.self_attn.q_proj.weight,self_attn,4096,1024,32.12224197387695,spec_rand,0.01,0.3212224197387695,0.00023984881892462082,0.0023244803845647696
model.layers.15.self_attn.q_proj.weight,self_attn,4096,1024,32.12224197387695,spec_rand,0.03,0.9636672592163086,0.00034448299493089474,0.0003709484666786641
model.layers.15.self_attn.q_proj.weight,self_attn,4096,1024,32.12224197387695,spec_scale,0.001,0.032122241973876954,0.0,0.0
model.layers.15.self_attn.q_proj.weight,self_attn,4096,1024,32.12224197387695,spec_scale,0.003,0.09636672592163086,0.00022582734475391599,0.024317690133698472
model.layers.15.self_attn.q_proj.weight,self_attn,4096,1024,32.12224197387695,spec_scale,0.01,0.3212224197387695,0.00023001017294722263,0.002229129739572323
model.layers.15.self_attn.q_proj.weight,self_attn,4096,1024,32.12224197387695,spec_scale,0.03,0.9636672592163086,0.0002950074691843476,0.0003176719024247911
model.layers.15.self_attn.q_proj.weight,self_attn,4096,1024,32.12224197387695,frame_rot,0.001,0.032122241973876954,0.0002095602438739048,0.20309404834826048
model.layers.15.self_attn.q_proj.weight,self_attn,4096,1024,32.12224197387695,frame_rot,0.003,0.09636672592163086,0.00022067822560972988,0.023763219265937708
model.layers.15.self_attn.q_proj.weight,self_attn,4096,1024,32.12224197387695,frame_rot,0.01,0.3212224197387695,0.00025538455572431297,0.0024750440421744194
model.layers.15.self_attn.q_proj.weight,self_attn,4096,1024,32.12224197387695,frame_rot,0.03,0.9636672592163086,0.0004697192309609099,0.000505806182187265
model.layers.15.self_attn.q_proj.weight,self_attn,4096,1024,32.12224197387695,gauss,0.001,0.032122241973876954,0.00021909041371799383,0.21233015506059652
model.layers.15.self_attn.q_proj.weight,self_attn,4096,1024,32.12224197387695,gauss,0.003,0.09636672592163086,0.00021970460505130372,0.02365837721028052
model.layers.15.self_attn.q_proj.weight,self_attn,4096,1024,32.12224197387695,gauss,0.01,0.3212224197387695,0.0002466888242279604,0.0023907698840470613
model.layers.15.self_attn.q_proj.weight,self_attn,4096,1024,32.12224197387695,gauss,0.03,0.9636672592163086,0.00037684221861373417,0.0004057937408567674
model.layers.15.self_attn.k_proj.weight,self_attn,512,1024,8.305766105651855,spec_rand,0.001,0.008305766105651856,0.00021424265179788472,3.105607316423249
model.layers.15.self_attn.k_proj.weight,self_attn,512,1024,8.305766105651855,spec_rand,0.003,0.024917298316955567,0.00021616652136480946,0.34816613814219616
model.layers.15.self_attn.k_proj.weight,self_attn,512,1024,8.305766105651855,spec_rand,0.01,0.08305766105651856,0.00023476324128161462,0.03403068593639473
model.layers.15.self_attn.k_proj.weight,self_attn,512,1024,8.305766105651855,spec_rand,0.03,0.24917298316955566,0.00030783829370252666,0.004958162309963503
model.layers.15.self_attn.k_proj.weight,self_attn,512,1024,8.305766105651855,spec_scale,0.001,0.008305766105651856,0.0,0.0
model.layers.15.self_attn.k_proj.weight,self_attn,512,1024,8.305766105651855,spec_scale,0.003,0.024917298316955567,0.00022569518746845275,0.3635133753462085
model.layers.15.self_attn.k_proj.weight,self_attn,512,1024,8.305766105651855,spec_scale,0.01,0.08305766105651856,0.00022668176778537681,0.03285921596966402
model.layers.15.self_attn.k_proj.weight,self_attn,512,1024,8.305766105651855,spec_scale,0.03,0.24917298316955566,0.00021753438656360463,0.003503692745980949
model.layers.15.self_attn.k_proj.weight,self_attn,512,1024,8.305766105651855,frame_rot,0.001,0.008305766105651856,0.0002142710078290816,3.1060183582826113
model.layers.15.self_attn.k_proj.weight,self_attn,512,1024,8.305766105651855,frame_rot,0.003,0.024917298316955567,0.00021915776969874765,0.35298395809912625
model.layers.15.self_attn.k_proj.weight,self_attn,512,1024,8.305766105651855,frame_rot,0.01,0.08305766105651856,0.00021349433042289046,0.030947598389591886
model.layers.15.self_attn.k_proj.weight,self_attn,512,1024,8.305766105651855,frame_rot,0.03,0.24917298316955566,0.00028794515915794904,0.0046377558110200345
model.layers.15.self_attn.k_proj.weight,self_attn,512,1024,8.305766105651855,gauss,0.001,0.008305766105651856,0.00022026547615087782,3.1929126555759457
model.layers.15.self_attn.k_proj.weight,self_attn,512,1024,8.305766105651855,gauss,0.003,0.024917298316955567,0.0002094606826889516,0.3373654556866654
model.layers.15.self_attn.k_proj.weight,self_attn,512,1024,8.305766105651855,gauss,0.01,0.08305766105651856,0.00023332635991485796,0.033822399246140285
model.layers.15.self_attn.k_proj.weight,self_attn,512,1024,8.305766105651855,gauss,0.03,0.24917298316955566,0.0002943427002431269,0.004740797075651081
model.layers.15.self_attn.v_proj.weight,self_attn,512,1024,11.979118347167969,spec_rand,0.001,0.011979118347167968,0.00020534214876947792,1.430962956441773
model.layers.15.self_attn.v_proj.weight,self_attn,512,1024,11.979118347167969,spec_rand,0.003,0.03593735504150391,0.00021299496592638306,0.16492144018366256
model.layers.15.self_attn.v_proj.weight,self_attn,512,1024,11.979118347167969,spec_rand,0.01,0.11979118347167969,0.00023440527203545908,0.01633494453464374
model.layers.15.self_attn.v_proj.weight,self_attn,512,1024,11.979118347167969,spec_rand,0.03,0.35937355041503904,0.00033014811308453837,0.0025563281294938996
model.layers.15.self_attn.v_proj.weight,self_attn,512,1024,11.979118347167969,spec_scale,0.001,0.011979118347167968,0.0,0.0
model.layers.15.self_attn.v_proj.weight,self_attn,512,1024,11.979118347167969,spec_scale,0.003,0.03593735504150391,0.00022022276481027095,0.17051790579074483
model.layers.15.self_attn.v_proj.weight,self_attn,512,1024,11.979118347167969,spec_scale,0.01,0.11979118347167969,0.0002368394584332627,0.016504575104169035
model.layers.15.self_attn.v_proj.weight,self_attn,512,1024,11.979118347167969,spec_scale,0.03,0.35937355041503904,0.000337257661537422,0.0026113771755971937
model.layers.15.self_attn.v_proj.weight,self_attn,512,1024,11.979118347167969,frame_rot,0.001,0.011979118347167968,0.00021774713101016115,1.5174092616358592
model.layers.15.self_attn.v_proj.weight,self_attn,512,1024,11.979118347167969,frame_rot,0.003,0.03593735504150391,0.0002109198569772794,0.16331468879901967
model.layers.15.self_attn.v_proj.weight,self_attn,512,1024,11.979118347167969,frame_rot,0.01,0.11979118347167969,0.0002448995495800781,0.017066256762111803
model.layers.15.self_attn.v_proj.weight,self_attn,512,1024,11.979118347167969,frame_rot,0.03,0.35937355041503904,0.00034626266120183223,0.0026811026504246706
model.layers.15.self_attn.v_proj.weight,self_attn,512,1024,11.979118347167969,gauss,0.001,0.011979118347167968,0.00020477122138128916,1.4269843483079245
model.layers.15.self_attn.v_proj.weight,self_attn,512,1024,11.979118347167969,gauss,0.003,0.03593735504150391,0.00021368326900811108,0.16545439144393168
model.layers.15.self_attn.v_proj.weight,self_attn,512,1024,11.979118347167969,gauss,0.01,0.11979118347167969,0.00024848861700819144,0.017316367251778857
model.layers.15.self_attn.v_proj.weight,self_attn,512,1024,11.979118347167969,gauss,0.03,0.35937355041503904,0.00038197129044006923,0.0029575936245348254
model.layers.15.self_attn.o_proj.weight,self_attn,1024,2048,20.035621643066406,spec_rand,0.001,0.020035621643066406,0.0002157012487131791,0.5373373333431773
model.layers.15.self_attn.o_proj.weight,self_attn,1024,2048,20.035621643066406,spec_rand,0.003,0.06010686492919922,0.0002051249780539954,0.056776732410717255
model.layers.15.self_attn.o_proj.weight,self_attn,1024,2048,20.035621643066406,spec_rand,0.01,0.20035621643066406,0.00025376775131643237,0.006321654955376944
model.layers.15.self_attn.o_proj.weight,self_attn,1024,2048,20.035621643066406,spec_rand,0.03,0.6010686492919922,0.00044227570870672325,0.0012241790250620747
model.layers.15.self_attn.o_proj.weight,self_attn,1024,2048,20.035621643066406,spec_scale,0.001,0.020035621643066406,0.0,0.0
model.layers.15.self_attn.o_proj.weight,self_attn,1024,2048,20.035621643066406,spec_scale,0.003,0.06010686492919922,0.00021489152273707968,0.05948002334734236
model.layers.15.self_attn.o_proj.weight,self_attn,1024,2048,20.035621643066406,spec_scale,0.01,0.20035621643066406,0.00023788077472374836,0.0059258915702261414
model.layers.15.self_attn.o_proj.weight,self_attn,1024,2048,20.035621643066406,spec_scale,0.03,0.6010686492919922,0.0003384065123320893,0.0009366785156542705
model.layers.15.self_attn.o_proj.weight,self_attn,1024,2048,20.035621643066406,frame_rot,0.001,0.020035621643066406,0.00021486624036863678,0.5352572287547598
model.layers.15.self_attn.o_proj.weight,self_attn,1024,2048,20.035621643066406,frame_rot,0.003,0.06010686492919922,0.0002098784599274927,0.05809245305532694
model.layers.15.self_attn.o_proj.weight,self_attn,1024,2048,20.035621643066406,frame_rot,0.01,0.20035621643066406,0.00023391692515457854,0.005827147387242601
model.layers.15.self_attn.o_proj.weight,self_attn,1024,2048,20.035621643066406,frame_rot,0.03,0.6010686492919922,0.0003530267131537249,0.000977145904741447
model.layers.15.self_attn.o_proj.weight,self_attn,1024,2048,20.035621643066406,gauss,0.001,0.020035621643066406,0.00021052105053208034,0.5244328467283499
model.layers.15.self_attn.o_proj.weight,self_attn,1024,2048,20.035621643066406,gauss,0.003,0.06010686492919922,0.00022011697118332041,0.06092638005617824
model.layers.15.self_attn.o_proj.weight,self_attn,1024,2048,20.035621643066406,gauss,0.01,0.20035621643066406,0.0002637000530264526,0.006569080343345784
model.layers.15.self_attn.o_proj.weight,self_attn,1024,2048,20.035621643066406,gauss,0.03,0.6010686492919922,0.0005089443009435398,0.001408711638181115
model.layers.19.self_attn.q_proj.weight,self_attn,4096,1024,31.884693145751953,spec_rand,0.001,0.03188469314575195,0.00017515935316206167,0.17229348247150847
model.layers.19.self_attn.q_proj.weight,self_attn,4096,1024,31.884693145751953,spec_rand,0.003,0.09565407943725586,0.00016866891632906427,0.01843435988392837
model.layers.19.self_attn.q_proj.weight,self_attn,4096,1024,31.884693145751953,spec_rand,0.01,0.3188469314575195,0.00018124399390874373,0.0017827856933617587
model.layers.19.self_attn.q_proj.weight,self_attn,4096,1024,31.884693145751953,spec_rand,0.03,0.9565407943725586,0.00024049375208128087,0.00026284323586056287
model.layers.19.self_attn.q_proj.weight,self_attn,4096,1024,31.884693145751953,spec_scale,0.001,0.03188469314575195,9.736944822740167e-09,9.577633748114271e-06
model.layers.19.self_attn.q_proj.weight,self_attn,4096,1024,31.884693145751953,spec_scale,0.003,0.09565407943725586,0.00018022147727801422,0.019696975846305684
model.layers.19.self_attn.q_proj.weight,self_attn,4096,1024,31.884693145751953,spec_scale,0.01,0.3188469314575195,0.00019621638770116504,0.0019300599222774313
model.layers.19.self_attn.q_proj.weight,self_attn,4096,1024,31.884693145751953,spec_scale,0.03,0.9565407943725586,0.0003033032728337751,0.00033148974968707227
model.layers.19.self_attn.q_proj.weight,self_attn,4096,1024,31.884693145751953,frame_rot,0.001,0.03188469314575195,0.0001737810627137764,0.17093774292974062
model.layers.19.self_attn.q_proj.weight,self_attn,4096,1024,31.884693145751953,frame_rot,0.003,0.09565407943725586,0.00018254004994173824,0.01995037999349746
model.layers.19.self_attn.q_proj.weight,self_attn,4096,1024,31.884693145751953,frame_rot,0.01,0.3188469314575195,0.00020184869504129068,0.001985461465412969
model.layers.19.self_attn.q_proj.weight,self_attn,4096,1024,31.884693145751953,frame_rot,0.03,0.9565407943725586,0.0003222023972312576,0.00035214520110140554
model.layers.19.self_attn.q_proj.weight,self_attn,4096,1024,31.884693145751953,gauss,0.001,0.03188469314575195,0.00018408562289959273,0.18107370499914208
model.layers.19.self_attn.q_proj.weight,self_attn,4096,1024,31.884693145751953,gauss,0.003,0.09565407943725586,0.000186706120279272,0.020405703010774844
model.layers.19.self_attn.q_proj.weight,self_attn,4096,1024,31.884693145751953,gauss,0.01,0.3188469314575195,0.0001923258638254044,0.0018917912317911653
model.layers.19.self_attn.q_proj.weight,self_attn,4096,1024,31.884693145751953,gauss,0.03,0.9565407943725586,0.00027607350489114153,0.0003017294741878772
model.layers.19.self_attn.k_proj.weight,self_attn,512,1024,8.078752517700195,spec_rand,0.001,0.008078752517700195,0.00016418778031638097,2.5156616142686583
model.layers.19.self_attn.k_proj.weight,self_attn,512,1024,8.078752517700195,spec_rand,0.003,0.024236257553100587,0.00017926107234531204,0.305179159132957
model.layers.19.self_attn.k_proj.weight,self_attn,512,1024,8.078752517700195,spec_rand,0.01,0.08078752517700195,0.00018160954405006653,0.027825953787256583
model.layers.19.self_attn.k_proj.weight,self_attn,512,1024,8.078752517700195,spec_rand,0.03,0.24236257553100585,0.0002209630869963703,0.0037617385752929874
model.layers.19.self_attn.k_proj.weight,self_attn,512,1024,8.078752517700195,spec_scale,0.001,0.008078752517700195,0.0,0.0
model.layers.19.self_attn.k_proj.weight,self_attn,512,1024,8.078752517700195,spec_scale,0.003,0.024236257553100587,0.0001811034350963536,0.3083156499941612
model.layers.19.self_attn.k_proj.weight,self_attn,512,1024,8.078752517700195,spec_scale,0.01,0.08078752517700195,0.00018708391763841973,0.028664729454474267
model.layers.19.self_attn.k_proj.weight,self_attn,512,1024,8.078752517700195,spec_scale,0.03,0.24236257553100585,0.00017879673437074442,0.003043886569297845
model.layers.19.self_attn.k_proj.weight,self_attn,512,1024,8.078752517700195,frame_rot,0.001,0.008078752517700195,0.000165961433051193,2.5428372670085353
model.layers.19.self_attn.k_proj.weight,self_attn,512,1024,8.078752517700195,frame_rot,0.003,0.024236257553100587,0.00016965107595572185,0.28881882736055486
model.layers.19.self_attn.k_proj.weight,self_attn,512,1024,8.078752517700195,frame_rot,0.01,0.08078752517700195,0.00018320963468816947,0.02807111737920415
model.layers.19.self_attn.k_proj.weight,self_attn,512,1024,8.078752517700195,frame_rot,0.03,0.24236257553100585,0.00022601289506915298,0.0038477079472973015
model.layers.19.self_attn.k_proj.weight,self_attn,512,1024,8.078752517700195,gauss,0.001,0.008078752517700195,0.00017510333069855921,2.6829081111891218
model.layers.19.self_attn.k_proj.weight,self_attn,512,1024,8.078752517700195,gauss,0.003,0.024236257553100587,0.00017832105783990087,0.3035788516452189
model.layers.19.self_attn.k_proj.weight,self_attn,512,1024,8.078752517700195,gauss,0.01,0.08078752517700195,0.00017383718699693121,0.0266350843904424
model.layers.19.self_attn.k_proj.weight,self_attn,512,1024,8.078752517700195,gauss,0.03,0.24236257553100585,0.00021136831523178146,0.0035983944459245434
model.layers.19.self_attn.v_proj.weight,self_attn,512,1024,14.40697193145752,spec_rand,0.001,0.01440697193145752,0.00018226022319690273,0.8781050558072396
model.layers.19.self_attn.v_proj.weight,self_attn,512,1024,14.40697193145752,spec_rand,0.003,0.04322091579437256,0.00017718006132024243,0.09484772492658577
model.layers.19.self_attn.v_proj.weight,self_attn,512,1024,14.40697193145752,spec_rand,0.01,0.1440697193145752,0.00018913232264900848,0.009112138996737643
model.layers.19.self_attn.v_proj.weight,self_attn,512,1024,14.40697193145752,spec_rand,0.03,0.43220915794372555,0.00024777735670321663,0.001326397473649495
model.layers.19.self_attn.v_proj.weight,self_attn,512,1024,14.40697193145752,spec_scale,0.001,0.01440697193145752,0.0,0.0
model.layers.19.self_attn.v_proj.weight,self_attn,512,1024,14.40697193145752,spec_scale,0.003,0.04322091579437256,0.00018752403263199468,0.10038504181379629
model.layers.19.self_attn.v_proj.weight,self_attn,512,1024,14.40697193145752,spec_scale,0.01,0.1440697193145752,0.00019525114948345235,0.009406935781504528
model.layers.19.self_attn.v_proj.weight,self_attn,512,1024,14.40697193145752,spec_scale,0.03,0.43220915794372555,0.0002643333821446268,0.0014150249035783178
model.layers.19.self_attn.v_proj.weight,self_attn,512,1024,14.40697193145752,frame_rot,0.001,0.01440697193145752,0.0001602500771661575,0.7720631550038312
model.layers.19.self_attn.v_proj.weight,self_attn,512,1024,14.40697193145752,frame_rot,0.003,0.04322091579437256,0.000170684355928234,0.09137045511623287
model.layers.19.self_attn.v_proj.weight,self_attn,512,1024,14.40697193145752,frame_rot,0.01,0.1440697193145752,0.00018909607700399978,0.009110392730680527
model.layers.19.self_attn.v_proj.weight,self_attn,512,1024,14.40697193145752,frame_rot,0.03,0.43220915794372555,0.00026440843179333323,0.0014154266580637437
model.layers.19.self_attn.v_proj.weight,self_attn,512,1024,14.40697193145752,gauss,0.001,0.01440697193145752,0.0001695572481487988,0.8169038435082588
model.layers.19.self_attn.v_proj.weight,self_attn,512,1024,14.40697193145752,gauss,0.003,0.04322091579437256,0.00018308106805406166,0.09800664167663474
model.layers.19.self_attn.v_proj.weight,self_attn,512,1024,14.40697193145752,gauss,0.01,0.1440697193145752,0.00018808487001167103,0.009061674148158423
model.layers.19.self_attn.v_proj.weight,self_attn,512,1024,14.40697193145752,gauss,0.03,0.43220915794372555,0.0002743836096441268,0.0014688256081394962
model.layers.19.self_attn.o_proj.weight,self_attn,1024,2048,24.210872650146484,spec_rand,0.001,0.024210872650146487,0.00017338450474548942,0.2957940240340573
model.layers.19.self_attn.o_proj.weight,self_attn,1024,2048,24.210872650146484,spec_rand,0.003,0.07263261795043946,0.00017850174411457613,0.03383600401524581
model.layers.19.self_attn.o_proj.weight,self_attn,1024,2048,24.210872650146484,spec_rand,0.01,0.24210872650146484,0.00019672224171378235,0.003356082112351159
model.layers.19.self_attn.o_proj.weight,self_attn,1024,2048,24.210872650146484,spec_rand,0.03,0.7263261795043945,0.0003510892814789173,0.0006655093706090214
model.layers.19.self_attn.o_proj.weight,self_attn,1024,2048,24.210872650146484,spec_scale,0.001,0.024210872650146487,8.149137473236241e-06,0.013902431299461237
model.layers.19.self_attn.o_proj.weight,self_attn,1024,2048,24.210872650146484,spec_scale,0.003,0.07263261795043946,0.00017989829583821594,0.03410072820582987
model.layers.19.self_attn.o_proj.weight,self_attn,1024,2048,24.210872650146484,spec_scale,0.01,0.24210872650146484,0.00018923886721822837,0.003228415718018921
model.layers.19.self_attn.o_proj.weight,self_attn,1024,2048,24.210872650146484,spec_scale,0.03,0.7263261795043945,0.0002693017560079628,0.0005104765414364431
model.layers.19.self_attn.o_proj.weight,self_attn,1024,2048,24.210872650146484,frame_rot,0.001,0.024210872650146487,0.00017248153498249146,0.29425355731143804
model.layers.19.self_attn.o_proj.weight,self_attn,1024,2048,24.210872650146484,frame_rot,0.003,0.07263261795043946,0.00017200043790515645,0.03260364505932957
model.layers.19.self_attn.o_proj.weight,self_attn,1024,2048,24.210872650146484,frame_rot,0.01,0.24210872650146484,0.00019671766103266438,0.0033560039659157152
model.layers.19.self_attn.o_proj.weight,self_attn,1024,2048,24.210872650146484,frame_rot,0.03,0.7263261795043945,0.00025716572274218013,0.00048747201157332864
model.layers.19.self_attn.o_proj.weight,self_attn,1024,2048,24.210872650146484,gauss,0.001,0.024210872650146487,0.00017273344522522586,0.2946833162711743
model.layers.19.self_attn.o_proj.weight,self_attn,1024,2048,24.210872650146484,gauss,0.003,0.07263261795043946,0.00017913353953526742,0.03395576437107518
model.layers.19.self_attn.o_proj.weight,self_attn,1024,2048,24.210872650146484,gauss,0.01,0.24210872650146484,0.00021520520495570518,0.0036714015280871347
model.layers.19.self_attn.o_proj.weight,self_attn,1024,2048,24.210872650146484,gauss,0.03,0.7263261795043945,0.00037254392577875924,0.0007061778489074273
model.layers.1.mlp.gate_proj.weight,mlp,3584,1024,25.48297691345215,spec_rand,0.001,0.025482976913452148,0.000426349645731721,0.6565466427381216
model.layers.1.mlp.gate_proj.weight,mlp,3584,1024,25.48297691345215,spec_rand,0.003,0.07644893074035644,0.00040008297106324626,0.06845532484584091
model.layers.1.mlp.gate_proj.weight,mlp,3584,1024,25.48297691345215,spec_rand,0.01,0.2548297691345215,0.0004619362185367546,0.007113473095983033
model.layers.1.mlp.gate_proj.weight,mlp,3584,1024,25.48297691345215,spec_rand,0.03,0.7644893074035645,0.0006395935442675987,0.001094362594983323
model.layers.1.mlp.gate_proj.weight,mlp,3584,1024,25.48297691345215,spec_scale,0.001,0.025482976913452148,6.858133507609662e-06,0.010561013888362041
model.layers.1.mlp.gate_proj.weight,mlp,3584,1024,25.48297691345215,spec_scale,0.003,0.07644893074035644,0.0004160178012991792,0.07118181924590294
model.layers.1.mlp.gate_proj.weight,mlp,3584,1024,25.48297691345215,spec_scale,0.01,0.2548297691345215,0.00044673749406310277,0.006879424079478001
model.layers.1.mlp.gate_proj.weight,mlp,3584,1024,25.48297691345215,spec_scale,0.03,0.7644893074035645,0.0005709853604521329,0.0009769720572733733
model.layers.1.mlp.gate_proj.weight,mlp,3584,1024,25.48297691345215,frame_rot,0.001,0.025482976913452148,0.00043638653883474113,0.672002709223177
model.layers.1.mlp.gate_proj.weight,mlp,3584,1024,25.48297691345215,frame_rot,0.003,0.07644893074035644,0.00043053936153136666,0.07366649916197388
model.layers.1.mlp.gate_proj.weight,mlp,3584,1024,25.48297691345215,frame_rot,0.01,0.2548297691345215,0.00044204350088941657,0.006807140086983292
model.layers.1.mlp.gate_proj.weight,mlp,3584,1024,25.48297691345215,frame_rot,0.03,0.7644893074035645,0.0005895397950227967,0.0010087192181807768
model.layers.1.mlp.gate_proj.weight,mlp,3584,1024,25.48297691345215,gauss,0.001,0.025482976913452148,0.0003962735989308034,0.6102317747614225
model.layers.1.mlp.gate_proj.weight,mlp,3584,1024,25.48297691345215,gauss,0.003,0.07644893074035644,0.00041039362514340904,0.0702195068417776
model.layers.1.mlp.gate_proj.weight,mlp,3584,1024,25.48297691345215,gauss,0.01,0.2548297691345215,0.00042333717745298484,0.006519076663614323
model.layers.1.mlp.gate_proj.weight,mlp,3584,1024,25.48297691345215,gauss,0.03,0.7644893074035645,0.0005583995433256592,0.0009554373691672178
model.layers.1.mlp.up_proj.weight,mlp,3584,1024,16.392898559570312,spec_rand,0.001,0.016392898559570313,0.0004041921765669766,1.5040989230167034
model.layers.1.mlp.up_proj.weight,mlp,3584,1024,16.392898559570312,spec_rand,0.003,0.049178695678710936,0.00043420817181050305,0.17953287279561325
model.layers.1.mlp.up_proj.weight,mlp,3584,1024,16.392898559570312,spec_rand,0.01,0.16392898559570312,0.0004277929561390009,0.01591923253111708
model.layers.1.mlp.up_proj.weight,mlp,3584,1024,16.392898559570312,spec_rand,0.03,0.4917869567871094,0.0005985806468799308,0.002474962704780929
model.layers.1.mlp.up_proj.weight,mlp,3584,1024,16.392898559570312,spec_scale,0.001,0.016392898559570313,1.3341481616754307e-05,0.04964694839382206
model.layers.1.mlp.up_proj.weight,mlp,3584,1024,16.392898559570312,spec_scale,0.003,0.049178695678710936,0.00042979278445736915,0.1777072342483049
model.layers.1.mlp.up_proj.weight,mlp,3584,1024,16.392898559570312,spec_scale,0.01,0.16392898559570312,0.0004186384475233294,0.015578570654221573
model.layers.1.mlp.up_proj.weight,mlp,3584,1024,16.392898559570312,spec_scale,0.03,0.4917869567871094,0.0006197092967756388,0.0025623237325168293
model.layers.1.mlp.up_proj.weight,mlp,3584,1024,16.392898559570312,frame_rot,0.001,0.016392898559570313,0.0004271409584486316,1.5894970086647637
model.layers.1.mlp.up_proj.weight,mlp,3584,1024,16.392898559570312,frame_rot,0.003,0.049178695678710936,0.00042189457105066414,0.17444154503534964
model.layers.1.mlp.up_proj.weight,mlp,3584,1024,16.392898559570312,frame_rot,0.01,0.16392898559570312,0.0004611029098894558,0.017158778184556845
model.layers.1.mlp.up_proj.weight,mlp,3584,1024,16.392898559570312,frame_rot,0.03,0.4917869567871094,0.000581510366467781,0.0024043818939905363
model.layers.1.mlp.up_proj.weight,mlp,3584,1024,16.392898559570312,gauss,0.001,0.016392898559570313,0.000403490805077798,1.5014889464692396
model.layers.1.mlp.up_proj.weight,mlp,3584,1024,16.392898559570312,gauss,0.003,0.049178695678710936,0.0004103608804390761,0.16967268819693465
model.layers.1.mlp.up_proj.weight,mlp,3584,1024,16.392898559570312,gauss,0.01,0.16392898559570312,0.0004356305217426396,0.016210887705733066
model.layers.1.mlp.up_proj.weight,mlp,3584,1024,16.392898559570312,gauss,0.03,0.4917869567871094,0.0005891032713150129,0.0024357764210535186
model.layers.1.mlp.down_proj.weight,mlp,1024,3584,16.452600479125977,spec_rand,0.001,0.016452600479125976,0.00040214719744403855,1.4856480691896172
model.layers.1.mlp.down_proj.weight,mlp,1024,3584,16.452600479125977,spec_rand,0.003,0.04935780143737793,0.00040943340535292674,0.16806282541715084
model.layers.1.mlp.down_proj.weight,mlp,1024,3584,16.452600479125977,spec_rand,0.01,0.16452600479125976,0.000455157280190708,0.016814826481217023
model.layers.1.mlp.down_proj.weight,mlp,1024,3584,16.452600479125977,spec_rand,0.03,0.4935780143737793,0.0006270534213071358,0.0025739074607634476
model.layers.1.mlp.down_proj.weight,mlp,1024,3584,16.452600479125977,spec_scale,0.001,0.016452600479125976,2.6039514854409532e-05,0.09619749985071382
model.layers.1.mlp.down_proj.weight,mlp,1024,3584,16.452600479125977,spec_scale,0.003,0.04935780143737793,0.0004270307376995483,0.17528611827824153
model.layers.1.mlp.down_proj.weight,mlp,1024,3584,16.452600479125977,spec_scale,0.01,0.16452600479125976,0.0004304972837514689,0.015903814883249177
model.layers.1.mlp.down_proj.weight,mlp,1024,3584,16.452600479125977,spec_scale,0.03,0.4935780143737793,0.0006889372362836447,0.002827926030244345
model.layers.1.mlp.down_proj.weight,mlp,1024,3584,16.452600479125977,frame_rot,0.001,0.016452600479125976,0.0003914993735628501,1.446311927869473
model.layers.1.mlp.down_proj.weight,mlp,1024,3584,16.452600479125977,frame_rot,0.003,0.04935780143737793,0.0004067256375889412,0.16695135015636545
model.layers.1.mlp.down_proj.weight,mlp,1024,3584,16.452600479125977,frame_rot,0.01,0.16452600479125976,0.00047919111107215865,0.01770270571228454
model.layers.1.mlp.down_proj.weight,mlp,1024,3584,16.452600479125977,frame_rot,0.03,0.4935780143737793,0.0007472295296046835,0.003067202244336705
model.layers.1.mlp.down_proj.weight,mlp,1024,3584,16.452600479125977,gauss,0.001,0.016452600479125976,0.00039893737570447993,1.4737900592367275
model.layers.1.mlp.down_proj.weight,mlp,1024,3584,16.452600479125977,gauss,0.003,0.04935780143737793,0.0004115608581317884,0.16893609496546447
model.layers.1.mlp.down_proj.weight,mlp,1024,3584,16.452600479125977,gauss,0.01,0.16452600479125976,0.0004318672503693348,0.01595442541276729
model.layers.1.mlp.down_proj.weight,mlp,1024,3584,16.452600479125977,gauss,0.03,0.4935780143737793,0.0005821567641465454,0.002389617196326185
model.layers.12.mlp.gate_proj.weight,mlp,3584,1024,23.00975227355957,spec_rand,0.001,0.023009752273559572,0.00024732035569054623,0.4671280821637395
model.layers.12.mlp.gate_proj.weight,mlp,3584,1024,23.00975227355957,spec_rand,0.003,0.06902925682067872,0.00025867500042318675,0.05428602758016896
model.layers.12.mlp.gate_proj.weight,mlp,3584,1024,23.00975227355957,spec_rand,0.01,0.2300975227355957,0.0002638982507244216,0.004984396994055306
model.layers.12.mlp.gate_proj.weight,mlp,3584,1024,23.00975227355957,spec_rand,0.03,0.6902925682067871,0.00033199236052919604,0.0006967254821922815
model.layers.12.mlp.gate_proj.weight,mlp,3584,1024,23.00975227355957,spec_scale,0.001,0.023009752273559572,1.546368600500888e-06,0.0029207147007908715
model.layers.12.mlp.gate_proj.weight,mlp,3584,1024,23.00975227355957,spec_scale,0.003,0.06902925682067872,0.00024191494687356288,0.050768730865173244
model.layers.12.mlp.gate_proj.weight,mlp,3584,1024,23.00975227355957,spec_scale,0.01,0.2300975227355957,0.0002622545842977744,0.004953352127430687
model.layers.12.mlp.gate_proj.weight,mlp,3584,1024,23.00975227355957,spec_scale,0.03,0.6902925682067871,0.00036853851381761884,0.0007734219345792037
model.layers.12.mlp.gate_proj.weight,mlp,3584,1024,23.00975227355957,frame_rot,0.001,0.023009752273559572,0.0002540019764718363,0.47974804097220375
model.layers.12.mlp.gate_proj.weight,mlp,3584,1024,23.00975227355957,frame_rot,0.003,0.06902925682067872,0.00024012940542090313,0.05039401373987684
model.layers.12.mlp.gate_proj.weight,mlp,3584,1024,23.00975227355957,frame_rot,0.01,0.2300975227355957,0.00026491962333615387,0.005003688241957683
model.layers.12.mlp.gate_proj.weight,mlp,3584,1024,23.00975227355957,frame_rot,0.03,0.6902925682067871,0.00038256837830323874,0.0008028652750321424
model.layers.12.mlp.gate_proj.weight,mlp,3584,1024,23.00975227355957,gauss,0.001,0.023009752273559572,0.00023916495955515695,0.45172451966532284
model.layers.12.mlp.gate_proj.weight,mlp,3584,1024,23.00975227355957,gauss,0.003,0.06902925682067872,0.0002561039640225456,0.053746464991103575
model.layers.12.mlp.gate_proj.weight,mlp,3584,1024,23.00975227355957,gauss,0.01,0.2300975227355957,0.00026862649255071885,0.005073701998091778
model.layers.12.mlp.gate_proj.weight,mlp,3584,1024,23.00975227355957,gauss,0.03,0.6902925682067871,0.0003413353947524949,0.0007163329515147402
model.layers.12.mlp.up_proj.weight,mlp,3584,1024,15.771027565002441,spec_rand,0.001,0.01577102756500244,0.0002523884584377171,1.0147276848300377
model.layers.12.mlp.up_proj.weight,mlp,3584,1024,15.771027565002441,spec_rand,0.003,0.04731308269500732,0.0002584164225701938,0.11544034577134163
model.layers.12.mlp.up_proj.weight,mlp,3584,1024,15.771027565002441,spec_rand,0.01,0.1577102756500244,0.0002750043123305349,0.011056547153415246
model.layers.12.mlp.up_proj.weight,mlp,3584,1024,15.771027565002441,spec_rand,0.03,0.47313082695007325,0.00038095397441079723,0.001701805871761251
model.layers.12.mlp.up_proj.weight,mlp,3584,1024,15.771027565002441,spec_scale,0.001,0.01577102756500244,0.0,0.0
model.layers.12.mlp.up_proj.weight,mlp,3584,1024,15.771027565002441,spec_scale,0.003,0.04731308269500732,0.0002610389164901441,0.11661187195335147
model.layers.12.mlp.up_proj.weight,mlp,3584,1024,15.771027565002441,spec_scale,0.01,0.1577102756500244,0.0002558842945269997,0.010287826922712693
model.layers.12.mlp.up_proj.weight,mlp,3584,1024,15.771027565002441,spec_scale,0.03,0.47313082695007325,0.0003418727882529171,0.0015272215478104628
model.layers.12.mlp.up_proj.weight,mlp,3584,1024,15.771027565002441,frame_rot,0.001,0.01577102756500244,0.00023573512845936125,0.9477729790631819
model.layers.12.mlp.up_proj.weight,mlp,3584,1024,15.771027565002441,frame_rot,0.003,0.04731308269500732,0.00025693523358955955,0.11477866581162206
model.layers.12.mlp.up_proj.weight,mlp,3584,1024,15.771027565002441,frame_rot,0.01,0.1577102756500244,0.0002639186365392915,0.010610847607562172
model.layers.12.mlp.up_proj.weight,mlp,3584,1024,15.771027565002441,frame_rot,0.03,0.47313082695007325,0.00037982827575336624,0.0016967771262598747
model.layers.12.mlp.up_proj.weight,mlp,3584,1024,15.771027565002441,gauss,0.001,0.01577102756500244,0.00023523332641313686,0.9457554841596505
model.layers.12.mlp.up_proj.weight,mlp,3584,1024,15.771027565002441,gauss,0.003,0.04731308269500732,0.00024509406333546075,0.10948895250751042
model.layers.12.mlp.up_proj.weight,mlp,3584,1024,15.771027565002441,gauss,0.01,0.1577102756500244,0.00026000722321967303,0.010453589252453621
model.layers.12.mlp.up_proj.weight,mlp,3584,1024,15.771027565002441,gauss,0.03,0.47313082695007325,0.00038021407828844086,0.0016985005917271817
model.layers.12.mlp.down_proj.weight,mlp,1024,3584,15.221353530883789,spec_rand,0.001,0.01522135353088379,0.0002435937153929329,1.0513795695214965
model.layers.12.mlp.down_proj.weight,mlp,1024,3584,15.221353530883789,spec_rand,0.003,0.045664060592651365,0.0002512190358765074,0.12047681816302383
model.layers.12.mlp.down_proj.weight,mlp,1024,3584,15.221353530883789,spec_rand,0.01,0.15221353530883788,0.0002648904110244689,0.011432986514616718
model.layers.12.mlp.down_proj.weight,mlp,1024,3584,15.221353530883789,spec_rand,0.03,0.4566406059265137,0.0003672869116468908,0.001761393531097419
model.layers.12.mlp.down_proj.weight,mlp,1024,3584,15.221353530883789,spec_scale,0.001,0.01522135353088379,1.3608851221859362e-06,0.005873742726178596
model.layers.12.mlp.down_proj.weight,mlp,1024,3584,15.221353530883789,spec_scale,0.003,0.045664060592651365,0.0002607634050791254,0.1250540000986707
model.layers.12.mlp.down_proj.weight,mlp,1024,3584,15.221353530883789,spec_scale,0.01,0.15221353530883788,0.00026847000447028616,0.011587486043065328
model.layers.12.mlp.down_proj.weight,mlp,1024,3584,15.221353530883789,spec_scale,0.03,0.4566406059265137,0.00034148471810576346,0.0016376542543895172
model.layers.12.mlp.down_proj.weight,mlp,1024,3584,15.221353530883789,frame_rot,0.001,0.01522135353088379,0.0002506454917287211,1.0818158784234868
model.layers.12.mlp.down_proj.weight,mlp,1024,3584,15.221353530883789,frame_rot,0.003,0.045664060592651365,0.00025896232105433135,0.12419025634695076
model.layers.12.mlp.down_proj.weight,mlp,1024,3584,15.221353530883789,frame_rot,0.01,0.15221353530883788,0.0002633826962979153,0.011367911746262857
model.layers.12.mlp.down_proj.weight,mlp,1024,3584,15.221353530883789,frame_rot,0.03,0.4566406059265137,0.0003591413567883675,0.001722329989272123
model.layers.12.mlp.down_proj.weight,mlp,1024,3584,15.221353530883789,gauss,0.001,0.01522135353088379,0.0002463445980606747,1.063252707670193
model.layers.12.mlp.down_proj.weight,mlp,1024,3584,15.221353530883789,gauss,0.003,0.045664060592651365,0.00023820612826751556,0.11423623333508347
model.layers.12.mlp.down_proj.weight,mlp,1024,3584,15.221353530883789,gauss,0.01,0.15221353530883788,0.00026963078531228236,0.011637586730597359
model.layers.12.mlp.down_proj.weight,mlp,1024,3584,15.221353530883789,gauss,0.03,0.4566406059265137,0.00036238755986197854,0.0017378977672494232
model.layers.22.mlp.gate_proj.weight,mlp,3584,1024,33.516822814941406,spec_rand,0.001,0.03351682281494141,0.00011123259640913968,0.09901623021768265
model.layers.22.mlp.gate_proj.weight,mlp,3584,1024,33.516822814941406,spec_rand,0.003,0.10055046844482422,0.00012565712373223238,0.012428505765419899
model.layers.22.mlp.gate_proj.weight,mlp,3584,1024,33.516822814941406,spec_rand,0.01,0.33516822814941405,0.00014929305022314985,0.0013289661041824637
model.layers.22.mlp.gate_proj.weight,mlp,3584,1024,33.516822814941406,spec_rand,0.03,1.0055046844482423,0.00019852188364778809,0.0001963541980107934
model.layers.22.mlp.gate_proj.weight,mlp,3584,1024,33.516822814941406,spec_scale,0.001,0.03351682281494141,1.7187098018683494e-06,0.0015299486923169672
model.layers.22.mlp.gate_proj.weight,mlp,3584,1024,33.516822814941406,spec_scale,0.003,0.10055046844482422,0.00013950083816754327,0.013797761081503135
model.layers.22.mlp.gate_proj.weight,mlp,3584,1024,33.516822814941406,spec_scale,0.01,0.33516822814941405,0.00018735587479792507,0.0016677910100552477
model.layers.22.mlp.gate_proj.weight,mlp,3584,1024,33.516822814941406,spec_scale,0.03,1.0055046844482423,0.00031990769288433327,0.00031641458019424925
model.layers.22.mlp.gate_proj.weight,mlp,3584,1024,33.516822814941406,frame_rot,0.001,0.03351682281494141,0.00012428978730832428,0.11063938621517819
model.layers.22.mlp.gate_proj.weight,mlp,3584,1024,33.516822814941406,frame_rot,0.003,0.10055046844482422,0.0001308378031802805,0.012940916860600348
model.layers.22.mlp.gate_proj.weight,mlp,3584,1024,33.516822814941406,frame_rot,0.01,0.33516822814941405,0.00016734671912033418,0.0014896749515442734
model.layers.22.mlp.gate_proj.weight,mlp,3584,1024,33.516822814941406,frame_rot,0.03,1.0055046844482423,0.00025466221683224385,0.00025188152777384326
model.layers.22.mlp.gate_proj.weight,mlp,3584,1024,33.516822814941406,gauss,0.001,0.03351682281494141,0.00011695446797811215,0.10410968457224483
model.layers.22.mlp.gate_proj.weight,mlp,3584,1024,33.516822814941406,gauss,0.003,0.10055046844482422,0.00013559511458844018,0.013411453432726613
model.layers.22.mlp.gate_proj.weight,mlp,3584,1024,33.516822814941406,gauss,0.01,0.33516822814941405,0.00014811500242711877,0.0013184794432984368
model.layers.22.mlp.gate_proj.weight,mlp,3584,1024,33.516822814941406,gauss,0.03,1.0055046844482423,0.0002064376415668951,0.00020418352276479096
model.layers.22.mlp.up_proj.weight,mlp,3584,1024,19.172739028930664,spec_rand,0.001,0.019172739028930665,0.00011867096760826882,0.3228316915690428
model.layers.22.mlp.up_proj.weight,mlp,3584,1024,19.172739028930664,spec_rand,0.003,0.057518217086791994,0.0001276134760872468,0.03857320341048126
model.layers.22.mlp.up_proj.weight,mlp,3584,1024,19.172739028930664,spec_rand,0.01,0.19172739028930663,0.00014669105688531667,0.003990573514885349
model.layers.22.mlp.up_proj.weight,mlp,3584,1024,19.172739028930664,spec_rand,0.03,0.5751821708679199,0.00022355968306494252,0.0006757447092304809
model.layers.22.mlp.up_proj.weight,mlp,3584,1024,19.172739028930664,spec_scale,0.001,0.019172739028930665,1.0560388561186166e-08,2.872840907548604e-05
model.layers.22.mlp.up_proj.weight,mlp,3584,1024,19.172739028930664,spec_scale,0.003,0.057518217086791994,0.00014852585078453244,0.044894301367589685
model.layers.22.mlp.up_proj.weight,mlp,3584,1024,19.172739028930664,spec_scale,0.01,0.19172739028930663,0.00019385884787800526,0.0052737228866853395
model.layers.22.mlp.up_proj.weight,mlp,3584,1024,19.172739028930664,spec_scale,0.03,0.5751821708679199,0.00031125914344448105,0.0009408302807493224
model.layers.22.mlp.up_proj.weight,mlp,3584,1024,19.172739028930664,frame_rot,0.001,0.019172739028930665,0.00012375058813071167,0.3366502566219731
model.layers.22.mlp.up_proj.weight,mlp,3584,1024,19.172739028930664,frame_rot,0.003,0.057518217086791994,0.00012675705009458722,0.03831433502891397
model.layers.22.mlp.up_proj.weight,mlp,3584,1024,19.172739028930664,frame_rot,0.01,0.19172739028930663,0.00015972200234252464,0.004345066467077411
model.layers.22.mlp.up_proj.weight,mlp,3584,1024,19.172739028930664,frame_rot,0.03,0.5751821708679199,0.0002404684319165079,0.0007268540927271157
model.layers.22.mlp.up_proj.weight,mlp,3584,1024,19.172739028930664,gauss,0.001,0.019172739028930665,0.00012117108191743358,0.3296329854980508
model.layers.22.mlp.up_proj.weight,mlp,3584,1024,19.172739028930664,gauss,0.003,0.057518217086791994,0.00012834719203381204,0.03879498072836441
model.layers.22.mlp.up_proj.weight,mlp,3584,1024,19.172739028930664,gauss,0.01,0.19172739028930663,0.00016553994154840996,0.004503337288756541
model.layers.22.mlp.up_proj.weight,mlp,3584,1024,19.172739028930664,gauss,0.03,0.5751821708679199,0.0002291292681245752,0.0006925796661648339
model.layers.22.mlp.down_proj.weight,mlp,1024,3584,17.519771575927734,spec_rand,0.001,0.017519771575927736,0.00011601343794153647,0.3779648540766064
model.layers.22.mlp.down_proj.weight,mlp,1024,3584,17.519771575927734,spec_rand,0.003,0.052559314727783205,0.00012512898736832763,0.04529586331700729
model.layers.22.mlp.down_proj.weight,mlp,1024,3584,17.519771575927734,spec_rand,0.01,0.17519771575927734,0.00014740847056846277,0.004802479958928703
model.layers.22.mlp.down_proj.weight,mlp,1024,3584,17.519771575927734,spec_rand,0.03,0.525593147277832,0.00025535209171041805,0.000924357631839564
model.layers.22.mlp.down_proj.weight,mlp,1024,3584,17.519771575927734,spec_scale,0.001,0.017519771575927736,0.0,0.0
model.layers.22.mlp.down_proj.weight,mlp,1024,3584,17.519771575927734,spec_scale,0.003,0.052559314727783205,0.0001433087749947439,0.05187682583238688
model.layers.22.mlp.down_proj.weight,mlp,1024,3584,17.519771575927734,spec_scale,0.01,0.17519771575927734,0.000183521318630941,0.005979014987147044
model.layers.22.mlp.down_proj.weight,mlp,1024,3584,17.519771575927734,spec_scale,0.03,0.525593147277832,0.0003037607422204928,0.0010995937352382666
model.layers.22.mlp.down_proj.weight,mlp,1024,3584,17.519771575927734,frame_rot,0.001,0.017519771575927736,0.00010788248435661698,0.35147469276635834
model.layers.22.mlp.down_proj.weight,mlp,1024,3584,17.519771575927734,frame_rot,0.003,0.052559314727783205,0.00011940290552847026,0.0432230596780175
model.layers.22.mlp.down_proj.weight,mlp,1024,3584,17.519771575927734,frame_rot,0.01,0.17519771575927734,0.00014955232128475502,0.004872325335250864
model.layers.22.mlp.down_proj.weight,mlp,1024,3584,17.519771575927734,frame_rot,0.03,0.525593147277832,0.00021136515239069057,0.0007651278296119638
model.layers.22.mlp.down_proj.weight,mlp,1024,3584,17.519771575927734,gauss,0.001,0.017519771575927736,0.00011119933555847355,0.36228079594498575
model.layers.22.mlp.down_proj.weight,mlp,1024,3584,17.519771575927734,gauss,0.003,0.052559314727783205,0.00012560533742933525,0.04546829887896813
model.layers.22.mlp.down_proj.weight,mlp,1024,3584,17.519771575927734,gauss,0.01,0.17519771575927734,0.00015880081436194388,0.005173635717769634
model.layers.22.mlp.down_proj.weight,mlp,1024,3584,17.519771575927734,gauss,0.03,0.525593147277832,0.00022271834290169288,0.0008062256260869372
model.layers.1.linear_attn.in_proj_qkv.weight,linear_attn,6144,1024,41.7341194152832,spec_rand,0.001,0.041734119415283204,0.00043818840669037273,0.2515813100861567
model.layers.1.linear_attn.in_proj_qkv.weight,linear_attn,6144,1024,41.7341194152832,spec_rand,0.003,0.1252023582458496,0.0004252396461734022,0.027127434899246385
model.layers.1.linear_attn.in_proj_qkv.weight,linear_attn,6144,1024,41.7341194152832,spec_rand,0.01,0.41734119415283205,0.0004539745094176322,0.002606447365589727
model.layers.1.linear_attn.in_proj_qkv.weight,linear_attn,6144,1024,41.7341194152832,spec_rand,0.03,1.252023582458496,0.0006452915892266325,0.00041165271712785144
model.layers.1.linear_attn.in_proj_qkv.weight,linear_attn,6144,1024,41.7341194152832,spec_scale,0.001,0.041734119415283204,0.0,0.0
model.layers.1.linear_attn.in_proj_qkv.weight,linear_attn,6144,1024,41.7341194152832,spec_scale,0.003,0.1252023582458496,0.0004259415582237535,0.02717221217630003
model.layers.1.linear_attn.in_proj_qkv.weight,linear_attn,6144,1024,41.7341194152832,spec_scale,0.01,0.41734119415283205,0.0004691167254827798,0.0026933848221064463
model.layers.1.linear_attn.in_proj_qkv.weight,linear_attn,6144,1024,41.7341194152832,spec_scale,0.03,1.252023582458496,0.0005324429534607856,0.0003396628627538672
model.layers.1.linear_attn.in_proj_qkv.weight,linear_attn,6144,1024,41.7341194152832,frame_rot,0.001,0.041734119415283204,0.00041371693815585607,0.23753127129086712
model.layers.1.linear_attn.in_proj_qkv.weight,linear_attn,6144,1024,41.7341194152832,frame_rot,0.003,0.1252023582458496,0.00041602425157142447,0.02653955458426259
model.layers.1.linear_attn.in_proj_qkv.weight,linear_attn,6144,1024,41.7341194152832,frame_rot,0.01,0.41734119415283205,0.00047667779585144025,0.0027367959201628433
model.layers.1.linear_attn.in_proj_qkv.weight,linear_attn,6144,1024,41.7341194152832,frame_rot,0.03,1.252023582458496,0.0006044470369118093,0.0003855966345428938
model.layers.1.linear_attn.in_proj_qkv.weight,linear_attn,6144,1024,41.7341194152832,gauss,0.001,0.041734119415283204,0.0004241269325279306,0.2435080611422851
model.layers.1.linear_attn.in_proj_qkv.weight,linear_attn,6144,1024,41.7341194152832,gauss,0.003,0.1252023582458496,0.00043013340811955944,0.027439624060820126
model.layers.1.linear_attn.in_proj_qkv.weight,linear_attn,6144,1024,41.7341194152832,gauss,0.01,0.41734119415283205,0.00046099131560146543,0.0026467336275125984
model.layers.1.linear_attn.in_proj_qkv.weight,linear_attn,6144,1024,41.7341194152832,gauss,0.03,1.252023582458496,0.0005505634080903314,0.0003512224964270479
model.layers.1.linear_attn.out_proj.weight,linear_attn,1024,2048,18.343368530273438,spec_rand,0.001,0.01834336853027344,0.00041402061407138583,1.2304494666216177
model.layers.1.linear_attn.out_proj.weight,linear_attn,1024,2048,18.343368530273438,spec_rand,0.003,0.05503010559082031,0.00044061550794259613,0.1454986910492609
model.layers.1.linear_attn.out_proj.weight,linear_attn,1024,2048,18.343368530273438,spec_rand,0.01,0.18343368530273438,0.0005952478375814881,0.017690481086372393
model.layers.1.linear_attn.out_proj.weight,linear_attn,1024,2048,18.343368530273438,spec_rand,0.03,0.5503010559082031,0.001861558047145889,0.006147179440793362
model.layers.1.linear_attn.out_proj.weight,linear_attn,1024,2048,18.343368530273438,spec_scale,0.001,0.01834336853027344,0.0,0.0
model.layers.1.linear_attn.out_proj.weight,linear_attn,1024,2048,18.343368530273438,spec_scale,0.003,0.05503010559082031,0.0004362730921619597,0.14406475193299045
model.layers.1.linear_attn.out_proj.weight,linear_attn,1024,2048,18.343368530273438,spec_scale,0.01,0.18343368530273438,0.0004260041940350233,0.012660640932207002
model.layers.1.linear_attn.out_proj.weight,linear_attn,1024,2048,18.343368530273438,spec_scale,0.03,0.5503010559082031,0.0006562363467137468,0.0021670033792418977
model.layers.1.linear_attn.out_proj.weight,linear_attn,1024,2048,18.343368530273438,frame_rot,0.001,0.01834336853027344,0.0004097417590510664,1.2177329141153805
model.layers.1.linear_attn.out_proj.weight,linear_attn,1024,2048,18.343368530273438,frame_rot,0.003,0.05503010559082031,0.00043966576171717116,0.145185068786455
model.layers.1.linear_attn.out_proj.weight,linear_attn,1024,2048,18.343368530273438,frame_rot,0.01,0.18343368530273438,0.0004661118782582674,0.013852622127892343
model.layers.1.linear_attn.out_proj.weight,linear_attn,1024,2048,18.343368530273438,frame_rot,0.03,0.5503010559082031,0.0006470417832859809,0.002136641376103242
model.layers.1.linear_attn.out_proj.weight,linear_attn,1024,2048,18.343368530273438,gauss,0.001,0.01834336853027344,0.0004030724382806808,1.197912011711631
model.layers.1.linear_attn.out_proj.weight,linear_attn,1024,2048,18.343368530273438,gauss,0.003,0.05503010559082031,0.000417681663640208,0.13792554787437347
model.layers.1.linear_attn.out_proj.weight,linear_attn,1024,2048,18.343368530273438,gauss,0.01,0.18343368530273438,0.0004944434018276022,0.014694621460284406
model.layers.1.linear_attn.out_proj.weight,linear_attn,1024,2048,18.343368530273438,gauss,0.03,0.5503010559082031,0.0008748794320526932,0.0028889998171869073
model.layers.12.linear_attn.in_proj_qkv.weight,linear_attn,6144,1024,46.235660552978516,spec_rand,0.001,0.046235660552978515,0.00025703064028475414,0.12023496044424795
model.layers.12.linear_attn.in_proj_qkv.weight,linear_attn,6144,1024,46.235660552978516,spec_rand,0.003,0.13870698165893555,0.00025464367279177334,0.013235374883095403
model.layers.12.linear_attn.in_proj_qkv.weight,linear_attn,6144,1024,46.235660552978516,spec_rand,0.01,0.4623566055297852,0.0002690211678307902,0.0012584394388531212
model.layers.12.linear_attn.in_proj_qkv.weight,linear_attn,6144,1024,46.235660552978516,spec_rand,0.03,1.3870698165893554,0.00035660400237978875,0.0001853487111838905
model.layers.12.linear_attn.in_proj_qkv.weight,linear_attn,6144,1024,46.235660552978516,spec_scale,0.001,0.046235660552978515,0.0,0.0
model.layers.12.linear_attn.in_proj_qkv.weight,linear_attn,6144,1024,46.235660552978516,spec_scale,0.003,0.13870698165893555,0.0002693979918487537,0.014002246259568269
model.layers.12.linear_attn.in_proj_qkv.weight,linear_attn,6144,1024,46.235660552978516,spec_scale,0.01,0.4623566055297852,0.00027592742237445846,0.001290745830066088
model.layers.12.linear_attn.in_proj_qkv.weight,linear_attn,6144,1024,46.235660552978516,spec_scale,0.03,1.3870698165893554,0.0003412128509340476,0.00017734899703299325
model.layers.12.linear_attn.in_proj_qkv.weight,linear_attn,6144,1024,46.235660552978516,frame_rot,0.001,0.046235660552978515,0.00025933639674384,0.1213135576743102
model.layers.12.linear_attn.in_proj_qkv.weight,linear_attn,6144,1024,46.235660552978516,frame_rot,0.003,0.13870698165893555,0.0002636359822308046,0.013702759700418933
model.layers.12.linear_attn.in_proj_qkv.weight,linear_attn,6144,1024,46.235660552978516,frame_rot,0.01,0.4623566055297852,0.00030337790527896254,0.0014191549459030967
model.layers.12.linear_attn.in_proj_qkv.weight,linear_attn,6144,1024,46.235660552978516,frame_rot,0.03,1.3870698165893554,0.0004695101090369919,0.00024403285722276728
model.layers.12.linear_attn.in_proj_qkv.weight,linear_attn,6144,1024,46.235660552978516,gauss,0.001,0.046235660552978515,0.0002557884066523641,0.11965386275298646
model.layers.12.linear_attn.in_proj_qkv.weight,linear_attn,6144,1024,46.235660552978516,gauss,0.003,0.13870698165893555,0.00026570180393321397,0.01381013297371986
model.layers.12.linear_attn.in_proj_qkv.weight,linear_attn,6144,1024,46.235660552978516,gauss,0.01,0.4623566055297852,0.0002845610168427523,0.001331132450440879
model.layers.12.linear_attn.in_proj_qkv.weight,linear_attn,6144,1024,46.235660552978516,gauss,0.03,1.3870698165893554,0.00041015380800529463,0.00021318179042752915
model.layers.12.linear_attn.out_proj.weight,linear_attn,1024,2048,16.215808868408203,spec_rand,0.001,0.016215808868408205,0.0002479670532605469,0.9430109756245115
model.layers.12.linear_attn.out_proj.weight,linear_attn,1024,2048,16.215808868408203,spec_rand,0.003,0.04864742660522461,0.0002438258008078857,0.10302910240107896
model.layers.12.linear_attn.out_proj.weight,linear_attn,1024,2048,16.215808868408203,spec_rand,0.01,0.16215808868408205,0.00026129494308356585,0.009936965252560392
model.layers.12.linear_attn.out_proj.weight,linear_attn,1024,2048,16.215808868408203,spec_rand,0.03,0.4864742660522461,0.0003426888186685378,0.0014480387749500085
model.layers.12.linear_attn.out_proj.weight,linear_attn,1024,2048,16.215808868408203,spec_scale,0.001,0.016215808868408205,0.0,0.0
model.layers.12.linear_attn.out_proj.weight,linear_attn,1024,2048,16.215808868408203,spec_scale,0.003,0.04864742660522461,0.00025472987369964175,0.10763664122113492
model.layers.12.linear_attn.out_proj.weight,linear_attn,1024,2048,16.215808868408203,spec_scale,0.01,0.16215808868408205,0.00027239719947505547,0.01035918060309615
model.layers.12.linear_attn.out_proj.weight,linear_attn,1024,2048,16.215808868408203,spec_scale,0.03,0.4864742660522461,0.00032625653565521986,0.0013786038191884323
model.layers.12.linear_attn.out_proj.weight,linear_attn,1024,2048,16.215808868408203,frame_rot,0.001,0.016215808868408205,0.00023749037927461275,0.9031685109629064
model.layers.12.linear_attn.out_proj.weight,linear_attn,1024,2048,16.215808868408203,frame_rot,0.003,0.04864742660522461,0.00024732738265034255,0.10450870313659136
model.layers.12.linear_attn.out_proj.weight,linear_attn,1024,2048,16.215808868408203,frame_rot,0.01,0.16215808868408205,0.0002634298381078508,0.010018154644991147
model.layers.12.linear_attn.out_proj.weight,linear_attn,1024,2048,16.215808868408203,frame_rot,0.03,0.4864742660522461,0.0003264782474396913,0.0013795406669736194
model.layers.12.linear_attn.out_proj.weight,linear_attn,1024,2048,16.215808868408203,gauss,0.001,0.016215808868408205,0.00025762659809380615,0.97974592358443
model.layers.12.linear_attn.out_proj.weight,linear_attn,1024,2048,16.215808868408203,gauss,0.003,0.04864742660522461,0.00025400569431662965,0.10733063770730707
model.layers.12.linear_attn.out_proj.weight,linear_attn,1024,2048,16.215808868408203,gauss,0.01,0.16215808868408205,0.00028928316209111266,0.011001348498852674
model.layers.12.linear_attn.out_proj.weight,linear_attn,1024,2048,16.215808868408203,gauss,0.03,0.4864742660522461,0.0004012798525561492,0.0016956164148138112
model.layers.21.linear_attn.in_proj_qkv.weight,linear_attn,6144,1024,56.920780181884766,spec_rand,0.001,0.05692078018188477,0.0001563717806328798,0.04826326443357923
model.layers.21.linear_attn.in_proj_qkv.weight,linear_attn,6144,1024,56.920780181884766,spec_rand,0.003,0.1707623405456543,0.0001588157195375849,0.005446396926059011
model.layers.21.linear_attn.in_proj_qkv.weight,linear_attn,6144,1024,56.920780181884766,spec_rand,0.01,0.5692078018188477,0.00016514658410815848,0.0005097155782747703
model.layers.21.linear_attn.in_proj_qkv.weight,linear_attn,6144,1024,56.920780181884766,spec_rand,0.03,1.707623405456543,0.00020767683243428351,7.12203089893802e-05
model.layers.21.linear_attn.in_proj_qkv.weight,linear_attn,6144,1024,56.920780181884766,spec_scale,0.001,0.05692078018188477,0.0,0.0
model.layers.21.linear_attn.in_proj_qkv.weight,linear_attn,6144,1024,56.920780181884766,spec_scale,0.003,0.1707623405456543,0.00016338396647971182,0.005603059542174857
model.layers.21.linear_attn.in_proj_qkv.weight,linear_attn,6144,1024,56.920780181884766,spec_scale,0.01,0.5692078018188477,0.0001668750441145918,0.0005150503721880793
model.layers.21.linear_attn.in_proj_qkv.weight,linear_attn,6144,1024,56.920780181884766,spec_scale,0.03,1.707623405456543,0.00019998290483340194,6.858176768145601e-05
model.layers.21.linear_attn.in_proj_qkv.weight,linear_attn,6144,1024,56.920780181884766,frame_rot,0.001,0.05692078018188477,0.00014865145039214607,0.04588042823119641
model.layers.21.linear_attn.in_proj_qkv.weight,linear_attn,6144,1024,56.920780181884766,frame_rot,0.003,0.1707623405456543,0.0001596764495681873,0.005475914642608034
model.layers.21.linear_attn.in_proj_qkv.weight,linear_attn,6144,1024,56.920780181884766,frame_rot,0.01,0.5692078018188477,0.00017837687647814318,0.0005505501263372021
model.layers.21.linear_attn.in_proj_qkv.weight,linear_attn,6144,1024,56.920780181884766,frame_rot,0.03,1.707623405456543,0.00025506382431511506,8.747111638215001e-05
model.layers.21.linear_attn.in_proj_qkv.weight,linear_attn,6144,1024,56.920780181884766,gauss,0.001,0.05692078018188477,0.000156099667354769,0.04817927821148598
model.layers.21.linear_attn.in_proj_qkv.weight,linear_attn,6144,1024,56.920780181884766,gauss,0.003,0.1707623405456543,0.00016141251292298107,0.005535450878356755
model.layers.21.linear_attn.in_proj_qkv.weight,linear_attn,6144,1024,56.920780181884766,gauss,0.01,0.5692078018188477,0.0001743242155384649,0.0005380418178815648
model.layers.21.linear_attn.in_proj_qkv.weight,linear_attn,6144,1024,56.920780181884766,gauss,0.03,1.707623405456543,0.00022400751299465383,7.682072239073771e-05
model.layers.21.linear_attn.out_proj.weight,linear_attn,1024,2048,16.779827117919922,spec_rand,0.001,0.01677982711791992,0.00015270821225186643,0.5423597213493593
model.layers.21.linear_attn.out_proj.weight,linear_attn,1024,2048,16.779827117919922,spec_rand,0.003,0.05033948135375977,0.00015443454427314178,0.060943441790478156
model.layers.21.linear_attn.out_proj.weight,linear_attn,1024,2048,16.779827117919922,spec_rand,0.01,0.1677982711791992,0.00015715418190785654,0.0055815006312726866
model.layers.21.linear_attn.out_proj.weight,linear_attn,1024,2048,16.779827117919922,spec_rand,0.03,0.5033948135375976,0.00022912631229550815,0.0009041854037106584
model.layers.21.linear_attn.out_proj.weight,linear_attn,1024,2048,16.779827117919922,spec_scale,0.001,0.01677982711791992,0.0,0.0
model.layers.21.linear_attn.out_proj.weight,linear_attn,1024,2048,16.779827117919922,spec_scale,0.003,0.05033948135375977,0.00015920720787894376,0.06282684519620382
model.layers.21.linear_attn.out_proj.weight,linear_attn,1024,2048,16.779827117919922,spec_scale,0.01,0.1677982711791992,0.00016934513853546917,0.0060144756325534905
model.layers.21.linear_attn.out_proj.weight,linear_attn,1024,2048,16.779827117919922,spec_scale,0.03,0.5033948135375976,0.00022523223725290476,0.000888818483258786
model.layers.21.linear_attn.out_proj.weight,linear_attn,1024,2048,16.779827117919922,frame_rot,0.001,0.01677982711791992,0.000144136445899739,0.5119161666664982
model.layers.21.linear_attn.out_proj.weight,linear_attn,1024,2048,16.779827117919922,frame_rot,0.003,0.05033948135375977,0.0001608013340220788,0.06345592422944785
model.layers.21.linear_attn.out_proj.weight,linear_attn,1024,2048,16.779827117919922,frame_rot,0.01,0.1677982711791992,0.00016327775976213643,0.005798986117464524
model.layers.21.linear_attn.out_proj.weight,linear_attn,1024,2048,16.779827117919922,frame_rot,0.03,0.5033948135375976,0.00020738918722359954,0.0008184056824217993
model.layers.21.linear_attn.out_proj.weight,linear_attn,1024,2048,16.779827117919922,gauss,0.001,0.01677982711791992,0.0001473242174295253,0.5232378818062758
model.layers.21.linear_attn.out_proj.weight,linear_attn,1024,2048,16.779827117919922,gauss,0.003,0.05033948135375977,0.00015388969760333297,0.06072843269738626
model.layers.21.linear_attn.out_proj.weight,linear_attn,1024,2048,16.779827117919922,gauss,0.01,0.1677982711791992,0.00016139506710909912,0.005732120252974952
model.layers.21.linear_attn.out_proj.weight,linear_attn,1024,2048,16.779827117919922,gauss,0.03,0.5033948135375976,0.00021717031029684492,0.0008570042555237825
