matrix,m,n,kl_off_full,kl_off_without,share_off,kl_task_full,kl_task_without,share_task
model.layers.0.linear_attn.out_proj.weight,1024,2048,0.02582835705204324,0.025088996021524534,0.028625941209846184,0.9045414772918972,0.9036860139908629,0.0009457424811468718
model.layers.0.linear_attn.in_proj_qkv.weight,6144,1024,0.02582835705204324,0.025569312294461823,0.010029470982589106,0.9045414772918972,0.9082491527567657,-0.004098955722814379
model.layers.0.linear_attn.in_proj_z.weight,2048,1024,0.02582835705204324,0.02568384453626913,0.005595110656203328,0.9045414772918972,0.9050381007760752,-0.0005490334016133858
model.layers.0.linear_attn.in_proj_b.weight,16,1024,0.02582835705204324,0.025820709766536835,0.00029608098923972204,0.9045414772918972,0.9046113752259424,-7.727443771243792e-05
model.layers.0.linear_attn.in_proj_a.weight,16,1024,0.02582835705204324,0.02582942159612673,-4.121609753737765e-05,0.9045414772918972,0.9045496085672947,-8.98938921167769e-06
model.layers.0.mlp.gate_proj.weight,3584,1024,0.02582835705204324,0.025771013519228128,0.0022201773306590455,0.9045414772918972,0.9048898787611225,-0.0003851691469896057
model.layers.0.mlp.up_proj.weight,3584,1024,0.02582835705204324,0.025633806851047575,0.0075324264955627385,0.9045414772918972,0.9033675071123561,0.0012978621865475937
model.layers.0.mlp.down_proj.weight,1024,3584,0.02582835705204324,0.02564126973547391,0.0072434849879284835,0.9045414772918972,0.903642166484807,0.0009942173240995444
model.layers.1.linear_attn.out_proj.weight,1024,2048,0.02582835705204324,0.02552141719526696,0.011883832028410035,0.9045414772918972,0.9034776435403897,0.0011761027860131001
model.layers.1.linear_attn.in_proj_qkv.weight,6144,1024,0.02582835705204324,0.025715840933028422,0.004356301827023068,0.9045414772918972,0.9053131232125985,-0.0008530796431929222
model.layers.1.linear_attn.in_proj_z.weight,2048,1024,0.02582835705204324,0.02578755568527633,0.0015797120461320535,0.9045414772918972,0.9047477474936854,-0.0002280384116886136
model.layers.1.linear_attn.in_proj_b.weight,16,1024,0.02582835705204324,0.02582683278234026,5.9015356644986916e-05,0.9045414772918972,0.9045612002419576,-2.180436227150473e-05
model.layers.1.linear_attn.in_proj_a.weight,16,1024,0.02582835705204324,0.025828180818067238,6.8232747304497465e-06,0.9045414772918972,0.9045627461604767,-2.351342543538415e-05
model.layers.1.mlp.gate_proj.weight,3584,1024,0.02582835705204324,0.025707298242726558,0.004687050325065334,0.9045414772918972,0.903552515662861,0.0010933292213387569
model.layers.1.mlp.up_proj.weight,3584,1024,0.02582835705204324,0.025492937872928622,0.012986469810633339,0.9045414772918972,0.9010637194224111,0.003844774348986224
model.layers.1.mlp.down_proj.weight,1024,3584,0.02582835705204324,0.025506751342540223,0.01245165183580954,0.9045414772918972,0.9007167719595925,0.004228336044639347
model.layers.2.linear_attn.out_proj.weight,1024,2048,0.02582835705204324,0.02539745873812146,0.01668314841139662,0.9045414772918972,0.9023923293420119,0.0023759529041383898
model.layers.2.linear_attn.in_proj_qkv.weight,6144,1024,0.02582835705204324,0.025587149057853198,0.009338882597294762,0.9045414772918972,0.9034063132208509,0.001254960772440028
model.layers.2.linear_attn.in_proj_z.weight,2048,1024,0.02582835705204324,0.02577982666028833,0.001878957753957189,0.9045414772918972,0.9042305689950229,0.00034371922645837216
model.layers.2.linear_attn.in_proj_b.weight,16,1024,0.02582835705204324,0.025827032865597375,5.1268706065865643e-05,0.9045414772918972,0.9045628529330949,-2.3631466034901294e-05
model.layers.2.linear_attn.in_proj_a.weight,16,1024,0.02582835705204324,0.025828226815083646,5.042402013155645e-06,0.9045414772918972,0.9045991412351484,-6.3749363294896e-05
model.layers.2.mlp.gate_proj.weight,3584,1024,0.02582835705204324,0.02574193833207363,0.0033458852917155335,0.9045414772918972,0.9042767187721066,0.00029269914806251407
model.layers.2.mlp.up_proj.weight,3584,1024,0.02582835705204324,0.02536795778124219,0.017825340956583613,0.9045414772918972,0.9029939933165151,0.0017107938267408862
model.layers.2.mlp.down_proj.weight,1024,3584,0.02582835705204324,0.025479054792614104,0.01352398291247503,0.9045414772918972,0.9024043379471769,0.0023626770008586817
model.layers.3.self_attn.q_proj.weight,4096,1024,0.02582835705204324,0.025740335687022043,0.003407935117353267,0.9045414772918972,0.9032740088287879,0.0014012275776494887
model.layers.3.self_attn.k_proj.weight,512,1024,0.02582835705204324,0.025819586340386426,0.00033957683174123954,0.9045414772918972,0.9040702806907427,0.0005209231560781014
model.layers.3.self_attn.v_proj.weight,512,1024,0.02582835705204324,0.025610428411142933,0.008437572721377129,0.9045414772918972,0.9042813609416754,0.0002875670787374496
model.layers.3.self_attn.o_proj.weight,1024,2048,0.02582835705204324,0.02508603305534295,0.028740658773011907,0.9045414772918972,0.9036806944718496,0.0009516233822960407
model.layers.3.mlp.gate_proj.weight,3584,1024,0.02582835705204324,0.02575492452453125,0.0028430971185672282,0.9045414772918972,0.9063472802939161,-0.001996373905843729
model.layers.3.mlp.up_proj.weight,3584,1024,0.02582835705204324,0.025392569621278362,0.016872441010738037,0.9045414772918972,0.9080459906231881,-0.0038743533815421838
model.layers.3.mlp.down_proj.weight,1024,3584,0.02582835705204324,0.025537165927654894,0.011274086222426205,0.9045414772918972,0.9074387273355414,-0.003203004081491434
model.layers.4.linear_attn.out_proj.weight,1024,2048,0.02582835705204324,0.02552938957131637,0.011575164464563636,0.9045414772918972,0.9038359765745037,0.0007799539712713965
model.layers.4.linear_attn.in_proj_qkv.weight,6144,1024,0.02582835705204324,0.025635983176327242,0.007448165414794761,0.9045414772918972,0.9060287897085328,-0.0016442722130205478
model.layers.4.linear_attn.in_proj_z.weight,2048,1024,0.02582835705204324,0.025771072010392266,0.0022179127203308946,0.9045414772918972,0.9048401616495337,-0.00033020526436322584
model.layers.4.linear_attn.in_proj_b.weight,16,1024,0.02582835705204324,0.02582610685982699,8.712099696150943e-05,0.9045414772918972,0.9045960055909807,-6.0282806761735586e-05
model.layers.4.linear_attn.in_proj_a.weight,16,1024,0.02582835705204324,0.02582821717860631,5.415498811944808e-06,0.9045414772918972,0.9045007337807711,4.5043275680445305e-05
model.layers.4.mlp.gate_proj.weight,3584,1024,0.02582835705204324,0.025753071796730236,0.002914829431903354,0.9045414772918972,0.9046287974072879,-9.653522539632142e-05
model.layers.4.mlp.up_proj.weight,3584,1024,0.02582835705204324,0.02537600334561043,0.017513839750679217,0.9045414772918972,0.9032614090403318,0.0014151570532705549
model.layers.4.mlp.down_proj.weight,1024,3584,0.02582835705204324,0.025505684463832678,0.012492958323302883,0.9045414772918972,0.902240950348502,0.0025433073011562612
model.layers.5.linear_attn.out_proj.weight,1024,2048,0.02582835705204324,0.025462526969407377,0.014163892883265028,0.9045414772918972,0.9027280056261313,0.0020048518628412726
model.layers.5.linear_attn.in_proj_qkv.weight,6144,1024,0.02582835705204324,0.025528096492834485,0.011625228759372552,0.9045414772918972,0.9044431525731343,0.00010870117206474017
model.layers.5.linear_attn.in_proj_z.weight,2048,1024,0.02582835705204324,0.025707348896355835,0.004685089161636569,0.9045414772918972,0.90456656927534,-2.7740003164744564e-05
model.layers.5.linear_attn.in_proj_b.weight,16,1024,0.02582835705204324,0.025827236138199972,4.339857316548734e-05,0.9045414772918972,0.9045386160211438,3.1632278068016717e-06
model.layers.5.linear_attn.in_proj_a.weight,16,1024,0.02582835705204324,0.025827872742719235,1.8751069726596903e-05,0.9045414772918972,0.904557491628105,-1.770436913051121e-05
model.layers.5.mlp.gate_proj.weight,3584,1024,0.02582835705204324,0.02576964540504985,0.0022731467926934146,0.9045414772918972,0.9044789947115385,6.90765232189694e-05
model.layers.5.mlp.up_proj.weight,3584,1024,0.02582835705204324,0.025499382756498826,0.012736942380095706,0.9045414772918972,0.9013882810703667,0.003485960899184848
model.layers.5.mlp.down_proj.weight,1024,3584,0.02582835705204324,0.025554129641677883,0.010617299807835212,0.9045414772918972,0.9010063931897692,0.003908150362227358
model.layers.6.linear_attn.out_proj.weight,1024,2048,0.02582835705204324,0.025514712016513584,0.01214343734282719,0.9045414772918972,0.9023425190870338,0.0024310197598089722
model.layers.6.linear_attn.in_proj_qkv.weight,6144,1024,0.02582835705204324,0.02566733593521287,0.006234276400388983,0.9045414772918972,0.9032766178736241,0.001398343193791285
model.layers.6.linear_attn.in_proj_z.weight,2048,1024,0.02582835705204324,0.02577449663354262,0.0020853211217459755,0.9045414772918972,0.90425274382013,0.0003192042366388925
model.layers.6.linear_attn.in_proj_b.weight,16,1024,0.02582835705204324,0.025827957593365754,1.5465895747079905e-05,0.9045414772918972,0.9045368787745802,5.083810341921513e-06
model.layers.6.linear_attn.in_proj_a.weight,16,1024,0.02582835705204324,0.025826750151810924,6.221457404664843e-05,0.9045414772918972,0.904524455957015,1.8817638891555077e-05
model.layers.6.mlp.gate_proj.weight,3584,1024,0.02582835705204324,0.025768672545698992,0.0023108131200132442,0.9045414772918972,0.9040746981948633,0.0005160394617075292
model.layers.6.mlp.up_proj.weight,3584,1024,0.02582835705204324,0.02558115267612297,0.009571045321317362,0.9045414772918972,0.9031911089356199,0.0014928761037250604
model.layers.6.mlp.down_proj.weight,1024,3584,0.02582835705204324,0.025506504870837457,0.012461194514125085,0.9045414772918972,0.9018666448648276,0.0029571141779786148
model.layers.7.self_attn.q_proj.weight,4096,1024,0.02582835705204324,0.02578990049360119,0.0014889277844720716,0.9045414772918972,0.9047903066039534,-0.00027508889122618285
model.layers.7.self_attn.k_proj.weight,512,1024,0.02582835705204324,0.025821145094031918,0.00027922635562116493,0.9045414772918972,0.9053397864060726,-0.0008825566701102794
model.layers.7.self_attn.v_proj.weight,512,1024,0.02582835705204324,0.025674121432246427,0.005971561392233871,0.9045414772918972,0.9035374845361283,0.0011099466204410602
model.layers.7.self_attn.o_proj.weight,1024,2048,0.02582835705204324,0.024917935542162106,0.035248912969828794,0.9045414772918972,0.8993836220818958,0.005702176560707262
model.layers.7.mlp.gate_proj.weight,3584,1024,0.02582835705204324,0.025780943917545426,0.0018357007533339464,0.9045414772918972,0.9040201242456068,0.0005763727362190219
model.layers.7.mlp.up_proj.weight,3584,1024,0.02582835705204324,0.025571713387521816,0.009936507537211758,0.9045414772918972,0.9016116702496207,0.003238996901554936
model.layers.7.mlp.down_proj.weight,1024,3584,0.02582835705204324,0.02557014158219857,0.00999736333690815,0.9045414772918972,0.899810046619667,0.005230750375754489
model.layers.8.linear_attn.out_proj.weight,1024,2048,0.02582835705204324,0.02551686988012637,0.01205989104491767,0.9045414772918972,0.9014442342433803,0.0034241028479862212
model.layers.8.linear_attn.in_proj_qkv.weight,6144,1024,0.02582835705204324,0.025674880743647967,0.005942163029805769,0.9045414772918972,0.9029388052543387,0.0017718060230434984
model.layers.8.linear_attn.in_proj_z.weight,2048,1024,0.02582835705204324,0.025798219098952226,0.0011668552138368593,0.9045414772918972,0.9040990822869988,0.0004890820553888897
model.layers.8.linear_attn.in_proj_b.weight,16,1024,0.02582835705204324,0.025827909396764433,1.733193009167966e-05,0.9045414772918972,0.9045466524572423,-5.721313477646817e-06
model.layers.8.linear_attn.in_proj_a.weight,16,1024,0.02582835705204324,0.025829940039555,-6.128874200439505e-05,0.9045414772918972,0.9045556945987874,-1.571769481789609e-05
model.layers.8.mlp.gate_proj.weight,3584,1024,0.02582835705204324,0.025754890248280517,0.0028444241968117456,0.9045414772918972,0.903654817801041,0.0009802308828454898
model.layers.8.mlp.up_proj.weight,3584,1024,0.02582835705204324,0.025540557560980018,0.011142771895375159,0.9045414772918972,0.9011685000900729,0.0037289359156007507
model.layers.8.mlp.down_proj.weight,1024,3584,0.02582835705204324,0.025567559750699066,0.010097324456940004,0.9045414772918972,0.8990153389285567,0.006109325555623157
model.layers.9.linear_attn.out_proj.weight,1024,2048,0.02582835705204324,0.025455844817591496,0.014422606660622894,0.9045414772918972,0.9011976632403448,0.003696695105196768
model.layers.9.linear_attn.in_proj_qkv.weight,6144,1024,0.02582835705204324,0.025547432807711656,0.010876582035997617,0.9045414772918972,0.9028285778821777,0.0018936659652663002
model.layers.9.linear_attn.in_proj_z.weight,2048,1024,0.02582835705204324,0.025747219714719893,0.0031414052841169937,0.9045414772918972,0.903788678953055,0.0008322430289166016
model.layers.9.linear_attn.in_proj_b.weight,16,1024,0.02582835705204324,0.02582739466230594,3.726097387313221e-05,0.9045414772918972,0.9045487065369144,-7.992165311110355e-06
model.layers.9.linear_attn.in_proj_a.weight,16,1024,0.02582835705204324,0.02582379662547073,0.00017656665359400137,0.9045414772918972,0.9045624817844117,-2.322114910358053e-05
model.layers.9.mlp.gate_proj.weight,3584,1024,0.02582835705204324,0.025723815926678644,0.004047532917171193,0.9045414772918972,0.903160586641472,0.0015266194918549525
model.layers.9.mlp.up_proj.weight,3584,1024,0.02582835705204324,0.025496838920749196,0.012835432413530912,0.9045414772918972,0.9004426847824388,0.004531348326590523
model.layers.9.mlp.down_proj.weight,1024,3584,0.02582835705204324,0.02551101975052403,0.012286391305485922,0.9045414772918972,0.8994803722452711,0.005595216110795165
model.layers.10.linear_attn.out_proj.weight,1024,2048,0.02582835705204324,0.02551717948723414,0.012047903944571114,0.9045414772918972,0.9007172457069426,0.004227812301547451
model.layers.10.linear_attn.in_proj_qkv.weight,6144,1024,0.02582835705204324,0.025559871925810777,0.010394975014921592,0.9045414772918972,0.9016441113843195,0.003203132172835299
model.layers.10.linear_attn.in_proj_z.weight,2048,1024,0.02582835705204324,0.02579215854783308,0.0014015023927856918,0.9045414772918972,0.9045344955412865,7.718552201274598e-06
model.layers.10.linear_attn.in_proj_b.weight,16,1024,0.02582835705204324,0.0258280859368818,1.0496802444581732e-05,0.9045414772918972,0.9045389536078509,2.790014730802426e-06
model.layers.10.linear_attn.in_proj_a.weight,16,1024,0.02582835705204324,0.025828365007770252,-3.080229606933216e-07,0.9045414772918972,0.9045018516950395,4.380738512543836e-05
model.layers.10.mlp.gate_proj.weight,3584,1024,0.02582835705204324,0.02573847813756032,0.0034798541115804715,0.9045414772918972,0.9020288829387155,0.0027777547146915493
model.layers.10.mlp.up_proj.weight,3584,1024,0.02582835705204324,0.02550424161930966,0.012548821130221377,0.9045414772918972,0.8988038306733734,0.00634315480557246
model.layers.10.mlp.down_proj.weight,1024,3584,0.02582835705204324,0.02542545298801987,0.015599291244562496,0.9045414772918972,0.8960372699039608,0.009401677647106976
model.layers.11.self_attn.q_proj.weight,4096,1024,0.02582835705204324,0.025784719338163592,0.0016895272816509488,0.9045414772918972,0.9024092441830556,0.0023572529976461087
model.layers.11.self_attn.k_proj.weight,512,1024,0.02582835705204324,0.025821789548194817,0.0002542749364657926,0.9045414772918972,0.9040002320607916,0.0005983641930118466
model.layers.11.self_attn.v_proj.weight,512,1024,0.02582835705204324,0.025707899281674013,0.004663779818689595,0.9045414772918972,0.9029368926243796,0.00177392049762215
model.layers.11.self_attn.o_proj.weight,1024,2048,0.02582835705204324,0.025017488046842503,0.03139452515569863,0.9045414772918972,0.8959095256815208,0.00954290303659655
model.layers.11.mlp.gate_proj.weight,3584,1024,0.02582835705204324,0.025691501739650225,0.005298645675265279,0.9045414772918972,0.9013865248435532,0.0034879024650030788
model.layers.11.mlp.up_proj.weight,3584,1024,0.02582835705204324,0.02548516234814691,0.013287515857272947,0.9045414772918972,0.8973214457727987,0.007981979489447455
model.layers.11.mlp.down_proj.weight,1024,3584,0.02582835705204324,0.025461777415307668,0.014192913470916002,0.9045414772918972,0.8939234168169885,0.011738610933241023
model.layers.12.linear_attn.out_proj.weight,1024,2048,0.02582835705204324,0.025395663936847244,0.01675263797554505,0.9045414772918972,0.8992681796866391,0.005829801880446461
model.layers.12.linear_attn.in_proj_qkv.weight,6144,1024,0.02582835705204324,0.02554867942377908,0.010828316632785495,0.9045414772918972,0.8976786378158816,0.007587092077371738
model.layers.12.linear_attn.in_proj_z.weight,2048,1024,0.02582835705204324,0.02574599425873307,0.003188851429620998,0.9045414772918972,0.9025867825686908,0.0021609785424748784
model.layers.12.linear_attn.in_proj_b.weight,16,1024,0.02582835705204324,0.02582615188735186,8.537766017935322e-05,0.9045414772918972,0.9044495592864439,0.0001016183422881678
model.layers.12.linear_attn.in_proj_a.weight,16,1024,0.02582835705204324,0.025828190487712083,6.448893780652831e-06,0.9045414772918972,0.9045333296072178,9.007530206051051e-06
model.layers.12.mlp.gate_proj.weight,3584,1024,0.02582835705204324,0.025719016883838153,0.004233338109147722,0.9045414772918972,0.8998565219417244,0.005179370396810379
model.layers.12.mlp.up_proj.weight,3584,1024,0.02582835705204324,0.025385503460263012,0.017146022524308968,0.9045414772918972,0.894674683540258,0.010908061155116111
model.layers.12.mlp.down_proj.weight,1024,3584,0.02582835705204324,0.025386909908183874,0.01709156888956842,0.9045414772918972,0.8935268496296166,0.012177028846988014
model.layers.13.linear_attn.out_proj.weight,1024,2048,0.02582835705204324,0.025459666381321043,0.014274646659843682,0.9045414772918972,0.8994084016230101,0.005674781972690779
model.layers.13.linear_attn.in_proj_qkv.weight,6144,1024,0.02582835705204324,0.025439766203008547,0.015045124560253531,0.9045414772918972,0.8947680387556421,0.010804853930541314
model.layers.13.linear_attn.in_proj_z.weight,2048,1024,0.02582835705204324,0.025786886963553184,0.0016056030357058937,0.9045414772918972,0.902490637961248,0.002267269530623617
model.layers.13.linear_attn.in_proj_b.weight,16,1024,0.02582835705204324,0.025828551621333715,-7.533165585549284e-06,0.9045414772918972,0.9045001129306756,4.572964563820392e-05
model.layers.13.linear_attn.in_proj_a.weight,16,1024,0.02582835705204324,0.025826872959775128,5.745980145477336e-05,0.9045414772918972,0.9044926193173372,5.401407872007713e-05
model.layers.13.mlp.gate_proj.weight,3584,1024,0.02582835705204324,0.02570271003046881,0.004864692760799927,0.9045414772918972,0.9013005925476264,0.003582903410879079
model.layers.13.mlp.up_proj.weight,3584,1024,0.02582835705204324,0.025395348034493746,0.01676486880977357,0.9045414772918972,0.8970171743838125,0.008318361398541585
model.layers.13.mlp.down_proj.weight,1024,3584,0.02582835705204324,0.025326681049585915,0.01942345776955401,0.9045414772918972,0.8956614491675323,0.009817159685093446
model.layers.14.linear_attn.out_proj.weight,1024,2048,0.02582835705204324,0.025371935737670444,0.017671325878495625,0.9045414772918972,0.9005901232716076,0.0043683502851847855
model.layers.14.linear_attn.in_proj_qkv.weight,6144,1024,0.02582835705204324,0.025330170600502893,0.019288352353830307,0.9045414772918972,0.8987008826646213,0.00645696717497346
model.layers.14.linear_attn.in_proj_z.weight,2048,1024,0.02582835705204324,0.025748095413803667,0.0031075007240239927,0.9045414772918972,0.9028286810616355,0.0018935518970225607
model.layers.14.linear_attn.in_proj_b.weight,16,1024,0.02582835705204324,0.0258250151447101,0.00012938907908099928,0.9045414772918972,0.9045264614980469,1.6600448102366272e-05
model.layers.14.linear_attn.in_proj_a.weight,16,1024,0.02582835705204324,0.025828066893467345,1.1234108902469231e-05,0.9045414772918972,0.9045181924822548,2.574211379668956e-05
model.layers.14.mlp.gate_proj.weight,3584,1024,0.02582835705204324,0.0256603919314468,0.006503128335185959,0.9045414772918972,0.9007606992121252,0.004179773039364898
model.layers.14.mlp.up_proj.weight,3584,1024,0.02582835705204324,0.02541535684060771,0.01599018515205408,0.9045414772918972,0.8966424850050282,0.008732592683884155
model.layers.14.mlp.down_proj.weight,1024,3584,0.02582835705204324,0.024949225528379443,0.0340374543333275,0.9045414772918972,0.8952956007210576,0.01022161703244473
model.layers.15.self_attn.q_proj.weight,4096,1024,0.02582835705204324,0.025724752002209847,0.0040112907539815446,0.9045414772918972,0.9024804218474868,0.0022785637764018984
model.layers.15.self_attn.k_proj.weight,512,1024,0.02582835705204324,0.025788575273961115,0.0015402364928580603,0.9045414772918972,0.9041517786860729,0.00043082447362274845
model.layers.15.self_attn.v_proj.weight,512,1024,0.02582835705204324,0.025605863217662422,0.00861432393599415,0.9045414772918972,0.9037621230897585,0.0008616013988347326
model.layers.15.self_attn.o_proj.weight,1024,2048,0.02582835705204324,0.025006146473971175,0.03183363836946118,0.9045414772918972,0.9004039191434612,0.004574205000331677
model.layers.15.mlp.gate_proj.weight,3584,1024,0.02582835705204324,0.025704252335136055,0.004804979141999621,0.9045414772918972,0.9014669123587399,0.0033990314544360967
model.layers.15.mlp.up_proj.weight,3584,1024,0.02582835705204324,0.025391014598451087,0.01693264704026365,0.9045414772918972,0.897555809849901,0.007722882385571173
model.layers.15.mlp.down_proj.weight,1024,3584,0.02582835705204324,0.025108469594080463,0.02787198026232285,0.9045414772918972,0.8954172102494629,0.010087173746583078
model.layers.16.linear_attn.out_proj.weight,1024,2048,0.02582835705204324,0.025198878592997367,0.02437160279987982,0.9045414772918972,0.9008683826964567,0.004060725447811664
model.layers.16.linear_attn.in_proj_qkv.weight,6144,1024,0.02582835705204324,0.02552242745440548,0.011844717688443196,0.9045414772918972,0.9025476437366456,0.002204247793280656
model.layers.16.linear_attn.in_proj_z.weight,2048,1024,0.02582835705204324,0.025726244706974283,0.0039534975013395535,0.9045414772918972,0.9029205776087972,0.0017919572775730863
model.layers.16.linear_attn.in_proj_b.weight,16,1024,0.02582835705204324,0.02582663233424055,6.677613288430528e-05,0.9045414772918972,0.904487125282243,6.008791306832961e-05
model.layers.16.linear_attn.in_proj_a.weight,16,1024,0.02582835705204324,0.025828088930117808,1.0380912920382457e-05,0.9045414772918972,0.9045525133354224,-1.2200704779585791e-05
model.layers.16.mlp.gate_proj.weight,3584,1024,0.02582835705204324,0.025747146931781716,0.0031442232309971674,0.9045414772918972,0.9019250985444545,0.002892491735454583
model.layers.16.mlp.up_proj.weight,3584,1024,0.02582835705204324,0.025470676418096923,0.013848369574015251,0.9045414772918972,0.9000828905091343,0.004929112588746509
model.layers.16.mlp.down_proj.weight,1024,3584,0.02582835705204324,0.02514670595448778,0.026391577915000908,0.9045414772918972,0.8966996947387387,0.00866934546399789
model.layers.17.linear_attn.out_proj.weight,1024,2048,0.02582835705204324,0.025366702158880088,0.017873955057727264,0.9045414772918972,0.901003531253042,0.003911314326289772
model.layers.17.linear_attn.in_proj_qkv.weight,6144,1024,0.02582835705204324,0.025600822209425316,0.008809497335020233,0.9045414772918972,0.9018359374222514,0.0029910622537131504
model.layers.17.linear_attn.in_proj_z.weight,2048,1024,0.02582835705204324,0.025739644573808743,0.0034346930412858523,0.9045414772918972,0.903173486900218,0.0015123578365634494
model.layers.17.linear_attn.in_proj_b.weight,16,1024,0.02582835705204324,0.02582919053994477,-3.227026403007649e-05,0.9045414772918972,0.9045198527391629,2.3906645827853623e-05
model.layers.17.linear_attn.in_proj_a.weight,16,1024,0.02582835705204324,0.025828834595985253,-1.8489133515098288e-05,0.9045414772918972,0.9045117201008425,3.2897541795140484e-05
model.layers.17.mlp.gate_proj.weight,3584,1024,0.02582835705204324,0.02576594988548567,0.00241622672444175,0.9045414772918972,0.9027337924495864,0.001998454341444633
model.layers.17.mlp.up_proj.weight,3584,1024,0.02582835705204324,0.025499892607699803,0.012717202402057315,0.9045414772918972,0.8993145643201171,0.005778522160673982
model.layers.17.mlp.down_proj.weight,1024,3584,0.02582835705204324,0.025173135907818295,0.025368285830364545,0.9045414772918972,0.8975248745436543,0.007757082371999013
model.layers.18.linear_attn.out_proj.weight,1024,2048,0.02582835705204324,0.02517517565140462,0.02528931280152602,0.9045414772918972,0.9016950127984605,0.003146859005248359
model.layers.18.linear_attn.in_proj_qkv.weight,6144,1024,0.02582835705204324,0.025691205882843755,0.005310100403333129,0.9045414772918972,0.901892147932143,0.0029289197082327245
model.layers.18.linear_attn.in_proj_z.weight,2048,1024,0.02582835705204324,0.02574357318093315,0.0032825886268822435,0.9045414772918972,0.9028627503471156,0.001855887194700534
model.layers.18.linear_attn.in_proj_b.weight,16,1024,0.02582835705204324,0.025827474388835658,3.4174191018254696e-05,0.9045414772918972,0.9045257454524338,1.7392059798559956e-05
model.layers.18.linear_attn.in_proj_a.weight,16,1024,0.02582835705204324,0.02582802472413934,1.2866784489307115e-05,0.9045414772918972,0.9045304620174582,1.2177743879626668e-05
model.layers.18.mlp.gate_proj.weight,3584,1024,0.02582835705204324,0.02576052194535985,0.002626381017836521,0.9045414772918972,0.9027265661937068,0.0020064432021669187
model.layers.18.mlp.up_proj.weight,3584,1024,0.02582835705204324,0.025518830909581677,0.011983965601756186,0.9045414772918972,0.8982845982654042,0.006917183107208569
model.layers.18.mlp.down_proj.weight,1024,3584,0.02582835705204324,0.025050090798563778,0.030132239999287713,0.9045414772918972,0.8982360215950309,0.006970886195008075
model.layers.19.self_attn.q_proj.weight,4096,1024,0.02582835705204324,0.025762674936244487,0.00254302337800294,0.9045414772918972,0.9035855495915779,0.001056809139566739
model.layers.19.self_attn.k_proj.weight,512,1024,0.02582835705204324,0.025797021821396055,0.0012132103712229059,0.9045414772918972,0.904295699277667,0.0002717155823147577
model.layers.19.self_attn.v_proj.weight,512,1024,0.02582835705204324,0.025744250245074336,0.0032563746427786144,0.9045414772918972,0.9044097133994304,0.00014566926534009816
model.layers.19.self_attn.o_proj.weight,1024,2048,0.02582835705204324,0.025122796226115955,0.02731729410839434,0.9045414772918972,0.9030639051121055,0.0016335040646398014
model.layers.19.mlp.gate_proj.weight,3584,1024,0.02582835705204324,0.025750385291733315,0.0030188432099190754,0.9045414772918972,0.9028973836813311,0.00181759891817046
model.layers.19.mlp.up_proj.weight,3584,1024,0.02582835705204324,0.025495474527649466,0.012888257806062842,0.9045414772918972,0.8979430229799832,0.0072948056861572574
model.layers.19.mlp.down_proj.weight,1024,3584,0.02582835705204324,0.02513393218675918,0.02688614161113001,0.9045414772918972,0.8965084604648889,0.008880761168695406
model.layers.20.linear_attn.out_proj.weight,1024,2048,0.02582835705204324,0.02511983921429181,0.02743178113589617,0.9045414772918972,0.901329247559977,0.003551224363461225
model.layers.20.linear_attn.in_proj_qkv.weight,6144,1024,0.02582835705204324,0.025734003367394193,0.003653104394481188,0.9045414772918972,0.903412661731158,0.001247942287974202
model.layers.20.linear_attn.in_proj_z.weight,2048,1024,0.02582835705204324,0.02575878010154057,0.002693820221025933,0.9045414772918972,0.9033649767840607,0.0013006595467117688
model.layers.20.linear_attn.in_proj_b.weight,16,1024,0.02582835705204324,0.025827987428592415,1.4310761233482516e-05,0.9045414772918972,0.9045180188954395,2.5934019662554597e-05
model.layers.20.linear_attn.in_proj_a.weight,16,1024,0.02582835705204324,0.025827153201792505,4.6609633292171715e-05,0.9045414772918972,0.9045440215669206,-2.812778725269638e-06
model.layers.20.mlp.gate_proj.weight,3584,1024,0.02582835705204324,0.025772475697512915,0.0021635659758661996,0.9045414772918972,0.9027122312417909,0.002022290957384154
model.layers.20.mlp.up_proj.weight,3584,1024,0.02582835705204324,0.025509401446196775,0.012349047413421688,0.9045414772918972,0.898569169424874,0.00660258044208617
model.layers.20.mlp.down_proj.weight,1024,3584,0.02582835705204324,0.02522355784204567,0.023416092970176994,0.9045414772918972,0.8971346409983397,0.00818849823861334
model.layers.21.linear_attn.out_proj.weight,1024,2048,0.02582835705204324,0.02533083883524278,0.01926248021885324,0.9045414772918972,0.9015356208715282,0.003323071960578572
model.layers.21.linear_attn.in_proj_qkv.weight,6144,1024,0.02582835705204324,0.02564101410006242,0.007253382458796365,0.9045414772918972,0.9015986330171243,0.0032534099857791654
model.layers.21.linear_attn.in_proj_z.weight,2048,1024,0.02582835705204324,0.025759745579278185,0.0026564396886261665,0.9045414772918972,0.9031025586739072,0.0015907712958591613
model.layers.21.linear_attn.in_proj_b.weight,16,1024,0.02582835705204324,0.02582799785924731,1.3906916154438065e-05,0.9045414772918972,0.9045212658114196,2.234444852444728e-05
model.layers.21.linear_attn.in_proj_a.weight,16,1024,0.02582835705204324,0.025827543771841,3.1487879798342e-05,0.9045414772918972,0.9045155578593829,2.8654775004799404e-05
model.layers.21.mlp.gate_proj.weight,3584,1024,0.02582835705204324,0.02575009859152825,0.003029943420609471,0.9045414772918972,0.9028902095882276,0.001825530111248419
model.layers.21.mlp.up_proj.weight,3584,1024,0.02582835705204324,0.0255840125798004,0.009460318043090998,0.9045414772918972,0.8990130934976085,0.006111807952510984
model.layers.21.mlp.down_proj.weight,1024,3584,0.02582835705204324,0.025355712033401798,0.018299461235148584,0.9045414772918972,0.8983406798629245,0.006855183078544047
model.layers.22.linear_attn.out_proj.weight,1024,2048,0.02582835705204324,0.02536610877320356,0.017896929251375426,0.9045414772918972,0.901179173170196,0.003717136478658234
model.layers.22.linear_attn.in_proj_qkv.weight,6144,1024,0.02582835705204324,0.025688941585223272,0.005397767521141628,0.9045414772918972,0.900431987146472,0.004543174910816239
model.layers.22.linear_attn.in_proj_z.weight,2048,1024,0.02582835705204324,0.025713944528093946,0.004429725193854095,0.9045414772918972,0.9029897250292191,0.0017155125570623708
model.layers.22.linear_attn.in_proj_b.weight,16,1024,0.02582835705204324,0.025827544357537077,3.146520332386604e-05,0.9045414772918972,0.9045701696917006,-3.17203804620636e-05
model.layers.22.linear_attn.in_proj_a.weight,16,1024,0.02582835705204324,0.025828320612007443,1.4108538040069618e-06,0.9045414772918972,0.9045071051122926,3.799956162042761e-05
model.layers.22.mlp.gate_proj.weight,3584,1024,0.02582835705204324,0.0257515326585071,0.0029744204550580244,0.9045414772918972,0.90264903980214,0.002092151147587984
model.layers.22.mlp.up_proj.weight,3584,1024,0.02582835705204324,0.025498913270681926,0.012755119526088987,0.9045414772918972,0.899204888575508,0.005899772260710923
model.layers.22.mlp.down_proj.weight,1024,3584,0.02582835705204324,0.024987352088013736,0.03256130315741379,0.9045414772918972,0.8982687586311304,0.006934694337673242
model.layers.23.self_attn.q_proj.weight,4096,1024,0.02582835705204324,0.02574591712874543,0.0031918376818044214,0.9045414772918972,0.9016252705706115,0.0032239613047004845
model.layers.23.self_attn.k_proj.weight,512,1024,0.02582835705204324,0.025820670013961954,0.000297620095068285,0.9045414772918972,0.9039729757248248,0.0006284969582316391
model.layers.23.self_attn.v_proj.weight,512,1024,0.02582835705204324,0.025677561097914737,0.005838387390442845,0.9045414772918972,0.9035806484124529,0.001062227552373729
model.layers.23.self_attn.o_proj.weight,1024,2048,0.02582835705204324,0.024015129289030185,0.07020298501215017,0.9045414772918972,0.8993295082042972,0.005762001211048973
model.layers.23.mlp.gate_proj.weight,3584,1024,0.02582835705204324,0.025499674011445133,0.01272566582287149,0.9045414772918972,0.9001984367265908,0.004801372490191302
model.layers.23.mlp.up_proj.weight,3584,1024,0.02582835705204324,0.024893331890815208,0.03620149587308208,0.9045414772918972,0.8927715236960688,0.01301206621399642
model.layers.23.mlp.down_proj.weight,1024,3584,0.02582835705204324,0.02256018164714534,0.12653439002382694,0.9045414772918972,0.8806213581888834,0.026444469052572472
