step,matrix,m,n,r_null,G_r_spectrum,G_stable_rank_G,G_alignment_GW,G_G_fro,G_energy_top,G_energy_mid,G_energy_tail,G_energy_top_rows,G_energy_tail_rows,G_pangle_Gtop_Wtop_mean,H_r_spectrum,H_stable_rank_G,H_alignment_GW,H_G_fro,H_energy_top,H_energy_mid,H_energy_tail,H_energy_top_rows,H_energy_tail_rows,H_pangle_Gtop_Wtop_mean,n_microbatch,snr_diag_median,snr_offdiag_median,spearman_absC_snr,rho_sigma_absmed,rho_frame_absmed,sig_energy_diag,sig_energy_total,noise_energy,R_sigma_cross,snr_cross_diag_median,snr_cross_offdiag_median,spearman_absC_snr_cross,spearman_absC_split
4,model.layers.7.self_attn.q_proj.weight,4096,1024,0.000244140625,0.00013711479550693184,2.198044538497925,-0.0006371115450747311,0.9062662720680237,0.0007449130062013865,0.17242364585399628,0.26390963792800903,0.008457517251372337,0.5190719962120056,1.5320005416870117,1.0002856254577637,6.652710914611816,0.019737061113119125,0.010459218174219131,0.1751670092344284,0.47663894295692444,0.34819406270980835,0.1751670092344284,0.34819406270980835,0.9987125396728516,2.0,0.48521456122398376,0.501407265663147,0.644436240196228,0.483733594417572,0.49467799067497253,,,,,,,,
4,model.layers.7.self_attn.k_proj.weight,512,1024,0.0009765625,0.0008859750814735889,2.688549518585205,3.6815113162447233e-06,0.64035564661026,0.00114852050319314,0.1610758900642395,0.2569863796234131,0.03554132953286171,0.6792579293251038,1.3430935144424438,1.00014328956604,41.34027099609375,0.10661843419075012,0.0037318600807338953,0.014075368642807007,0.6543651223182678,0.331559419631958,0.014075368642807007,0.331559419631958,1.5533264875411987,,,,,,,,,,,,,,
4,model.layers.7.self_attn.v_proj.weight,512,1024,0.0009765625,0.0009347412851639092,1.8510267734527588,-2.5870855097309686e-05,1.1810506582260132,0.001062875846400857,0.1426413506269455,0.2533509433269501,0.007171811535954475,0.7151258587837219,1.4356627464294434,1.0001353025436401,14.556792259216309,-0.012022430077195168,0.0037754112854599953,0.06689354032278061,0.36628055572509766,0.5668259263038635,0.06689354032278061,0.5668259263038635,0.9215824007987976,,,,,,,,,,,,,,
4,model.layers.7.self_attn.o_proj.weight,1024,2048,0.00048828125,0.00024296535411849618,1.821496844291687,-7.3787596193142235e-06,1.9386099576950073,4.233418439980596e-05,0.14498057961463928,0.35220757126808167,0.017365623265504837,0.5159303545951843,1.4141470193862915,1.00032639503479,81.15984344482422,-0.07197906076908112,0.007460323162376881,0.007376698777079582,0.3990958333015442,0.5935273766517639,0.0073766992427408695,0.5935273766517639,1.562503695487976,,,,,,,,,,,,,,
4,model.layers.15.self_attn.q_proj.weight,4096,1024,0.000244140625,0.0001298229763051495,2.416473865509033,-6.382063293131068e-05,0.8848685026168823,0.00014211567759048194,0.20432323217391968,0.2441837340593338,0.003034090157598257,0.4655489921569824,1.545580506324768,1.0003209114074707,85.13445281982422,0.015112721361219883,0.010407978668808937,0.018153561279177666,0.5117047429084778,0.470141738653183,0.018153563141822815,0.470141738653183,1.418402910232544,2.0,0.5176520347595215,0.46242794394493103,0.6367104053497314,,,,,,,,,,
4,model.layers.15.self_attn.k_proj.weight,512,1024,0.0009765625,0.001035673776641488,5.057903289794922,-1.4350018773257034e-06,0.7111514806747437,6.755273352609947e-05,0.2873825132846832,0.20663762092590332,0.004538541194051504,0.5084235072135925,1.4605289697647095,1.000151515007019,52.666542053222656,0.011635051108896732,0.003670272184535861,0.0009873230010271072,0.5835015177726746,0.41551119089126587,0.0009873230010271072,0.41551119089126587,1.5707929134368896,,,,,,,,,,,,,,
4,model.layers.15.self_attn.v_proj.weight,512,1024,0.0009765625,0.0007980900118127465,1.493283987045288,-0.00104857562109828,0.7552286386489868,0.00017446809215471148,0.16508877277374268,0.2790743410587311,0.004924566950649023,0.6895824670791626,1.4631789922714233,1.0001353025436401,12.14600658416748,0.06687882542610168,0.003714038757607341,0.08827110379934311,0.44532161951065063,0.46640723943710327,0.08827110379934311,0.46640723943710327,1.254596471786499,,,,,0.5043824911117554,0.5375972986221313,,,,,,,,
4,model.layers.15.self_attn.o_proj.weight,1024,2048,0.00048828125,0.00035913760075345635,1.5280771255493164,-0.00036648393142968416,1.2916371822357178,2.0529047105810605e-05,0.08923036605119705,0.44072356820106506,0.01927310973405838,0.561013400554657,1.4442042112350464,1.0003279447555542,83.50720977783203,0.04690764099359512,0.007456913124769926,0.013383392244577408,0.3869965970516205,0.59961998462677,0.013383393175899982,0.5996200442314148,1.42326819896698,,,,,,,,,,,,,,
4,model.layers.19.self_attn.q_proj.weight,4096,1024,0.000244140625,0.00016751876682974398,2.4769277572631836,0.000402319710701704,0.44360649585723877,0.000649752386379987,0.21952734887599945,0.23624414205551147,0.00988052412867546,0.4420180320739746,1.524606704711914,1.0003118515014648,59.455291748046875,0.10858866572380066,0.010444743558764458,0.02785169705748558,0.513079047203064,0.4590691924095154,0.02785169705748558,0.45906922221183777,1.2716083526611328,2.0,0.5739086866378784,0.5253009796142578,0.6282088160514832,,,,,,,,,,
4,model.layers.19.self_attn.k_proj.weight,512,1024,0.0009765625,0.0010956714395433664,3.4608261585235596,-2.38852317124838e-06,0.4321776330471039,0.0002906294830609113,0.21526063978672028,0.24772141873836517,0.008366180583834648,0.6073733568191528,1.386568546295166,1.0001505613327026,41.51286315917969,0.01578924059867859,0.0037291657645255327,0.012167788110673428,0.47700372338294983,0.5108284950256348,0.012167788110673428,0.5108284950256348,1.5638619661331177,,,,,,,,,,,,,,
4,model.layers.19.self_attn.v_proj.weight,512,1024,0.0009765625,0.000645650434307754,1.371984839439392,-0.0008742821519263089,0.40837305784225464,0.0008882320253178477,0.11920425295829773,0.2615675628185272,0.0034442574251443148,0.694620668888092,1.458410620689392,1.0001375675201416,5.0916948318481445,0.05989746004343033,0.0037357648834586143,0.20093466341495514,0.34318429231643677,0.4558810591697693,0.20093466341495514,0.4558810591697693,1.255165934562683,,,,,,,,,,,,,,
4,model.layers.19.self_attn.o_proj.weight,1024,2048,0.00048828125,0.00043212296441197395,1.3158155679702759,-0.0002581206208560616,0.8269610404968262,0.00010780547017930076,0.05444395914673805,0.528006374835968,0.010488725267350674,0.6185954213142395,1.465288519859314,1.0003172159194946,14.057467460632324,0.045876745134592056,0.0074592032469809055,0.08387196063995361,0.3269925117492676,0.589135468006134,0.08387197554111481,0.589135468006134,1.405961513519287,,,,,,,,,,,,,,
4,model.layers.1.mlp.gate_proj.weight,3584,1024,0.00027901785714285713,0.0006945825880393386,3.042785167694092,0.00036343789543025196,0.7748754024505615,0.00044686818728223443,0.1758720874786377,0.30267783999443054,0.01036634761840105,0.5277636647224426,1.514569878578186,1.0003108978271484,75.51952362060547,-0.04508821666240692,0.010288544930517673,0.027698276564478874,0.5132814645767212,0.45902034640312195,0.027698274701833725,0.45902034640312195,1.3896116018295288,,,,,0.47153928875923157,0.45904192328453064,,,,,,,,
4,model.layers.1.mlp.up_proj.weight,3584,1024,0.00027901785714285713,0.0004070209397468716,2.5938851833343506,7.312253001146019e-05,1.326182246208191,9.07461071619764e-05,0.15990565717220306,0.3303227424621582,0.006581317167729139,0.5070981383323669,1.5109261274337769,1.0003080368041992,55.742027282714844,0.01749119535088539,0.010259413160383701,0.013217011466622353,0.5315025448799133,0.45528051257133484,0.013217011466622353,0.45528051257133484,1.4201451539993286,,,,,,,,,,,,,,
4,model.layers.1.mlp.down_proj.weight,1024,3584,0.00027901785714285713,0.0003531306574586779,4.043827533721924,7.478049519704655e-05,1.3031470775604248,0.0008284138166345656,0.18418912589550018,0.28089648485183716,0.013301346451044083,0.5475133657455444,1.4471603631973267,1.0002951622009277,59.077369689941406,0.007706660311669111,0.010242776945233345,0.03045717068016529,0.4564412832260132,0.5131014585494995,0.03045717068016529,0.5131015181541443,1.2534898519515991,2.0,0.3872049152851105,0.4359323978424072,0.6523841619491577,,,,,,,,,,
4,model.layers.12.mlp.gate_proj.weight,3584,1024,0.00027901785714285713,0.00021580835164058954,2.70491099357605,-0.00018544164777267724,0.9546564817428589,0.0006824949523434043,0.1777738332748413,0.2521992325782776,0.005728404503315687,0.5847867727279663,1.53192937374115,1.0003052949905396,60.55887222290039,-0.0710325837135315,0.00980247464030981,0.036538563668727875,0.5045298933982849,0.45893150568008423,0.036538563668727875,0.458931565284729,1.2368143796920776,,,,,,,,,,,,,,
4,model.layers.12.mlp.up_proj.weight,3584,1024,0.00027901785714285713,0.00027803494594991207,2.527534246444702,-2.6822619474842213e-05,1.5762708187103271,0.0004337691352702677,0.21744248270988464,0.2482301890850067,0.008952159434556961,0.5112104415893555,1.512170433998108,1.0003089904785156,32.747779846191406,-0.017041105777025223,0.00977508444339037,0.05951649323105812,0.5575202703475952,0.38296329975128174,0.05951650068163872,0.38296329975128174,1.118133544921875,,,,,,,,,,,,,,
4,model.layers.12.mlp.down_proj.weight,1024,3584,0.00027901785714285713,0.00026411013095639646,5.080049514770508,-2.8765047318302095e-05,1.4437098503112793,0.00012984059867449105,0.21790491044521332,0.26687708497047424,0.02240007370710373,0.4858381152153015,1.4012508392333984,1.0003198385238647,76.64107513427734,-0.012981749139726162,0.009860699065029621,0.013006712310016155,0.5317650437355042,0.4552282392978668,0.013006712310016155,0.45522820949554443,1.5646318197250366,2.0,0.6228790879249573,0.5187549591064453,0.6543964743614197,,,,,,,,,,
4,model.layers.22.mlp.gate_proj.weight,3584,1024,0.00027901785714285713,0.00023583324218634516,2.800107955932617,0.0007311856024898589,0.3825626075267792,0.0009427957702428102,0.16898036003112793,0.27340173721313477,0.008657599799335003,0.579271137714386,1.5243830680847168,1.00028657913208,20.629444122314453,-0.13887275755405426,0.009864430874586105,0.06955265253782272,0.5162333250045776,0.41421398520469666,0.06955265253782272,0.41421398520469666,1.1541264057159424,,,,,0.49428293108940125,0.48946690559387207,,,,,,,,
4,model.layers.22.mlp.up_proj.weight,3584,1024,0.00027901785714285713,0.00023066623543854803,2.563577175140381,0.00012761254038196057,0.8605874180793762,0.0008345317328348756,0.1758822351694107,0.2904650568962097,0.01280498132109642,0.5684847235679626,1.5041974782943726,1.000290870666504,8.407976150512695,0.010553356260061264,0.009798414073884487,0.15884000062942505,0.4320652484893799,0.4090947210788727,0.15884000062942505,0.4090947210788727,1.1948294639587402,,,,,,,,,,,,,,
4,model.layers.22.mlp.down_proj.weight,1024,3584,0.00027901785714285713,0.0003783332067541778,2.8456759452819824,0.00015517283463850617,0.7733588218688965,0.0001524601539131254,0.11038945615291595,0.4195333421230316,0.006476226728409529,0.588617742061615,1.480035662651062,1.0003020763397217,65.5089111328125,-0.011156925931572914,0.009920552372932434,0.016698895022273064,0.4178115129470825,0.565489649772644,0.016698893159627914,0.565489649772644,1.556175708770752,2.0,0.46251747012138367,0.48802289366722107,0.6022238731384277,,,,,,,,,,
4,model.layers.1.linear_attn.in_proj_qkv.weight,6144,1024,0.00016276041666666666,0.0001142009932664223,2.6196274757385254,-0.00023674596741329879,0.6504256129264832,0.0008898791274987161,0.18927405774593353,0.26835766434669495,0.00789476279169321,0.5153353810310364,1.538464903831482,1.0003021955490112,67.20657348632812,0.007773722521960735,0.013410983607172966,0.022877367213368416,0.5357534289360046,0.44136932492256165,0.022877367213368416,0.44136932492256165,1.4227221012115479,2.0,0.4644174873828888,0.43157851696014404,0.6332244277000427,,,,,,,,,,
4,model.layers.1.linear_attn.out_proj.weight,1024,2048,0.00048828125,0.0023453119210898876,1.3253659009933472,-0.0001041892683133483,1.611496925354004,0.0002209031517850235,0.1147729754447937,0.3846118450164795,0.009636112488806248,0.5359461903572083,1.4344892501831055,1.0003019571304321,30.610984802246094,0.03304038569331169,0.007683612871915102,0.05181572213768959,0.4875575602054596,0.4606267213821411,0.05181572213768959,0.4606267213821411,1.2487777471542358,,,,,,,,,,,,,,
4,model.layers.12.linear_attn.in_proj_qkv.weight,6144,1024,0.00016276041666666666,6.369900074787438e-05,2.3389735221862793,-0.0004233238287270069,0.9252495765686035,0.001123277354054153,0.16436918079853058,0.24611561000347137,0.005398508161306381,0.5840091705322266,1.5514702796936035,1.0003050565719604,21.123111724853516,0.05764415115118027,0.012900506146252155,0.0766756534576416,0.4928949177265167,0.43042951822280884,0.0766756609082222,0.43042951822280884,1.2223612070083618,2.0,0.43190300464630127,0.5040715336799622,0.6388868689537048,,,,,,,,,,
4,model.layers.12.linear_attn.out_proj.weight,1024,2048,0.00048828125,0.00030137767316773534,2.41747784614563,-0.0003492229734547436,1.26734459400177,4.228276156936772e-05,0.16964446008205414,0.3191780745983124,0.015508645214140415,0.49288126826286316,1.4273645877838135,1.0003150701522827,71.41734313964844,0.06308571994304657,0.007398633286356926,0.012664498761296272,0.45399799942970276,0.5333375334739685,0.012664497829973698,0.5333375334739685,1.5353081226348877,,,,,,,,,,,,,,
4,model.layers.21.linear_attn.in_proj_qkv.weight,6144,1024,0.00016276041666666666,9.113240230362862e-05,2.919905424118042,0.00011623782484093681,0.24993909895420074,0.00042746285907924175,0.17104142904281616,0.266833633184433,0.0035361694172024727,0.5957244038581848,1.5505173206329346,1.0003002882003784,79.67073059082031,-0.06019206717610359,0.012796737253665924,0.02718864567577839,0.5376777052879333,0.43513357639312744,0.02718864567577839,0.43513357639312744,1.3941514492034912,2.0,0.6234354376792908,0.6139177083969116,0.6434028744697571,,,,,,,,,,
4,model.layers.21.linear_attn.out_proj.weight,1024,2048,0.00048828125,0.0004228688485454768,2.4096477031707764,-0.0006136191077530384,0.4437560439109802,0.00018439211999066174,0.1463959962129593,0.36128342151641846,0.008870563469827175,0.5689868927001953,1.4717907905578613,1.000314712524414,47.34811019897461,0.060649383813142776,0.007534266449511051,0.03284347802400589,0.4296814501285553,0.5374749898910522,0.03284347802400589,0.5374749898910522,1.4123419523239136,,,,,,,,,,,,,,
8,model.layers.7.self_attn.q_proj.weight,4096,1024,0.000244140625,0.00010259996633976698,2.0636022090911865,0.00025225631543435156,0.6242676377296448,0.0010960191721096635,0.176777645945549,0.2631215751171112,0.008687959983944893,0.5358008742332458,1.5332403182983398,1.0002800226211548,17.470125198364258,0.0012144253123551607,0.0075373342260718346,0.08210260421037674,0.5443323254585266,0.37356507778167725,0.08210260421037674,0.37356507778167725,1.119807481765747,4.0,0.1780577301979065,0.1746153086423874,0.828230619430542,0.5721809267997742,0.5440011620521545,4.121648998989258e-06,0.004530799575150013,0.14671266078948975,0.0009096957238177528,-0.0028426311910152435,0.002526034601032734,-0.003039887873455882,0.0606941282749176
8,model.layers.7.self_attn.k_proj.weight,512,1024,0.0009765625,0.0012196388561278582,1.7503204345703125,-1.455105405057111e-07,0.517829418182373,0.0024411827325820923,0.09774790704250336,0.24515670537948608,0.01875920034945011,0.8040560483932495,1.3134313821792603,1.0001415014266968,30.76899528503418,-0.020304564386606216,0.002698927652090788,0.03484860435128212,0.6100987792015076,0.3550525903701782,0.03484860435128212,0.3550525903701782,1.2565879821777344,,,,,,,,,,,,,,
8,model.layers.7.self_attn.v_proj.weight,512,1024,0.0009765625,0.0008746429812163115,1.9854865074157715,-0.0008379424107261002,0.7654597163200378,0.0002098607801599428,0.14829076826572418,0.24950090050697327,0.002788485260680318,0.7106446027755737,1.4851441383361816,1.000138759613037,22.737977981567383,-0.0351409874856472,0.0026641993317753077,0.08644169569015503,0.36447495222091675,0.5490834712982178,0.08644169569015503,0.5490834712982178,0.9292542338371277,,,,,,,,,,,,,,
8,model.layers.7.self_attn.o_proj.weight,1024,2048,0.00048828125,0.00022338890994433314,1.9872279167175293,-0.0002582445740699768,1.296110987663269,3.875549737131223e-05,0.14738893508911133,0.3538065254688263,0.01180435623973608,0.5198783278465271,1.4403446912765503,1.000319242477417,61.89060592651367,-0.02394152246415615,0.005271863657981157,0.009936908259987831,0.3781206011772156,0.6119425892829895,0.009936908259987831,0.6119425892829895,1.5667062997817993,,,,,,,,,,,,,,
8,model.layers.15.self_attn.q_proj.weight,4096,1024,0.000244140625,0.00012183742364868522,3.4383738040924072,-0.0006019183783791959,0.5493906140327454,0.00023459186195395887,0.21125206351280212,0.2438468635082245,0.0038261995650827885,0.4585166275501251,1.546844482421875,1.0003148317337036,84.8585205078125,0.06591320782899857,0.007496407721191645,0.03679786995053291,0.5418585538864136,0.4213435649871826,0.03679786995053291,0.4213435649871826,1.1178864240646362,4.0,0.14915813505649567,0.1583956480026245,0.834105908870697,,,-4.172989065409638e-06,-0.00016180999227799475,0.16392874717712402,,-0.0038122651167213917,-0.00020685992785729468,0.002139525953680277,0.042788632214069366
8,model.layers.15.self_attn.k_proj.weight,512,1024,0.0009765625,0.0010556499473750591,4.192394733428955,-7.099358754203422e-06,0.46227166056632996,0.0002190777158830315,0.24329805374145508,0.23140296339988708,0.003944061230868101,0.5444990992546082,1.4493012428283691,1.0001463890075684,35.314388275146484,0.011118383146822453,0.0026551696937531233,0.010553045198321342,0.6207457184791565,0.36870118975639343,0.010553045198321342,0.36870118975639343,1.5591262578964233,,,,,,,,,,,,,,
8,model.layers.15.self_attn.v_proj.weight,512,1024,0.0009765625,0.0008536842069588602,1.748620629310608,-0.000881215266417712,0.49394503235816956,0.00010988179565174505,0.16720961034297943,0.2710138261318207,0.010143403895199299,0.6785121560096741,1.4275881052017212,1.0001344680786133,10.402524948120117,0.08565106987953186,0.0026629730127751827,0.09744644910097122,0.4945931136608124,0.407960444688797,0.09744644910097122,0.407960444688797,1.256751537322998,,,,,0.5155804753303528,0.5240322351455688,,,,,,,,
8,model.layers.15.self_attn.o_proj.weight,1024,2048,0.00048828125,0.00040549662662670016,1.7768440246582031,-0.0002855971979442984,0.9146205186843872,2.631641473271884e-05,0.09353598207235336,0.43713441491127014,0.014420432969927788,0.5691114068031311,1.4342535734176636,1.0003187656402588,67.08849334716797,0.006966175977140665,0.005387738347053528,0.012910761870443821,0.391744464635849,0.5953447222709656,0.012910761870443821,0.5953447222709656,1.5569695234298706,,,,,,,,,,,,,,
8,model.layers.19.self_attn.q_proj.weight,4096,1024,0.000244140625,0.00021456604008562863,2.8452157974243164,-0.0011331954738125205,0.33247077465057373,0.0008199915173463523,0.22060894966125488,0.22920729219913483,0.009952608495950699,0.42831504344940186,1.525913953781128,1.0003074407577515,61.02675247192383,-0.007639080751687288,0.0075766295194625854,0.02369457110762596,0.5118087530136108,0.4644966423511505,0.02369457110762596,0.4644966423511505,1.3983732461929321,4.0,0.15811645984649658,0.17154380679130554,0.8283652067184448,,,5.099359441373963e-06,0.0014706659130752087,0.06413307040929794,0.0034673812699656864,-0.0005110868369229138,0.0016784019535407424,0.0016880002804100513,0.048937465995550156
8,model.layers.19.self_attn.k_proj.weight,512,1024,0.0009765625,0.0009323200210928917,2.8771016597747803,-7.344319783442188e-06,0.3417145311832428,0.00018693732272367924,0.26802387833595276,0.21165068447589874,0.01167268306016922,0.5472642779350281,1.3939470052719116,1.0001492500305176,54.91164016723633,0.01033618301153183,0.002709220163524151,0.003563276492059231,0.49483323097229004,0.5016034841537476,0.003563276492059231,0.5016034841537476,1.5705138444900513,,,,,,,,,,,,,,
8,model.layers.19.self_attn.v_proj.weight,512,1024,0.0009765625,0.0006830152124166489,1.563279628753662,0.0012198375770822167,0.2891180217266083,0.000575969519559294,0.1487918347120285,0.2572155296802521,0.003418493550270796,0.663032591342926,1.4561759233474731,1.0001370906829834,16.14084815979004,0.0804334208369255,0.002690747147426009,0.0692533627152443,0.4161100685596466,0.5146365761756897,0.0692533552646637,0.5146365761756897,1.2546656131744385,,,,,,,,,,,,,,
8,model.layers.19.self_attn.o_proj.weight,1024,2048,0.00048828125,0.0004453120636753738,1.4063774347305298,0.0003911323437932879,0.5389088988304138,5.2911251259502023e-05,0.06514132022857666,0.4844607412815094,0.0076138474978506565,0.5861573815345764,1.463800311088562,1.0003314018249512,38.60015869140625,0.044539280235767365,0.0054106516763567924,0.00511588528752327,0.31630808115005493,0.6785759925842285,0.005115885753184557,0.6785759925842285,1.570772647857666,,,,,,,,,,,,,,
8,model.layers.1.mlp.gate_proj.weight,3584,1024,0.00027901785714285713,0.0004406941297929734,2.9168827533721924,0.0005134010571055114,0.5137212872505188,0.0005687628290615976,0.17441222071647644,0.3182348310947418,0.011825622990727425,0.5495619773864746,1.5132611989974976,1.0003141164779663,85.24737548828125,-0.021142201498150826,0.007001225370913744,0.02065637893974781,0.5243692398071289,0.4549744427204132,0.02065638080239296,0.4549744427204132,1.4129647016525269,,,,,0.5256264209747314,0.532184362411499,,,,,,,,
8,model.layers.1.mlp.up_proj.weight,3584,1024,0.00027901785714285713,0.0005730903358198702,2.7769582271575928,0.0006073695258237422,0.8633213639259338,0.00018844293663278222,0.16240638494491577,0.33122602105140686,0.01150697935372591,0.5149219036102295,1.5070891380310059,1.0003215074539185,73.4502944946289,0.008633253164589405,0.007005071733146906,0.013255639001727104,0.5269525051116943,0.4597919285297394,0.013255639001727104,0.459791898727417,1.5307600498199463,,,,,,,,,,,,,,
8,model.layers.1.mlp.down_proj.weight,1024,3584,0.00027901785714285713,0.00026740803150460124,4.280468940734863,0.0005980493733659387,0.8774825930595398,0.0011209661606699228,0.18071843683719635,0.2897508144378662,0.012859441339969635,0.5611492395401001,1.4518282413482666,1.000292181968689,19.758756637573242,0.0012653557350859046,0.007038440555334091,0.024652548134326935,0.47838279604911804,0.4969647228717804,0.024652548134326935,0.4969647228717804,1.2846633195877075,4.0,0.17857515811920166,0.1719319224357605,0.8367447853088379,,,-5.562869773712009e-06,-0.005924795288592577,0.7065057754516602,,0.002782744588330388,-0.0007495888276025653,-0.010978691279888153,0.023653263226151466
8,model.layers.12.mlp.gate_proj.weight,3584,1024,0.00027901785714285713,0.00018368102610111237,3.0246546268463135,5.466875882120803e-05,0.6027572751045227,0.0006044990732334554,0.18735523521900177,0.24592028558254242,0.005791332572698593,0.5711008310317993,1.5267298221588135,1.0003061294555664,31.727359771728516,-0.042412132024765015,0.007006813772022724,0.055099401623010635,0.48901504278182983,0.45588549971580505,0.055099401623010635,0.45588552951812744,1.2543219327926636,,,,,,,,,,,,,,
8,model.layers.12.mlp.up_proj.weight,3584,1024,0.00027901785714285713,0.00023824958771001548,2.8764610290527344,0.00031860056333243847,0.9780600666999817,0.00032289023511111736,0.22143422067165375,0.25053083896636963,0.007672945968806744,0.5086047053337097,1.5139321088790894,1.0003122091293335,72.00460815429688,-0.013389495201408863,0.00703084422275424,0.047015104442834854,0.5502140522003174,0.40277084708213806,0.04701511189341545,0.40277084708213806,1.1036179065704346,,,,,,,,,,,,,,
8,model.layers.12.mlp.down_proj.weight,1024,3584,0.00027901785714285713,0.00026010037981905043,5.872617721557617,0.0003387609904166311,0.9501578211784363,0.0001366039359709248,0.21332161128520966,0.2759612202644348,0.017518792301416397,0.5054227113723755,1.4123729467391968,1.0003211498260498,89.41466522216797,-0.024557065218687057,0.007040702737867832,0.014917828142642975,0.5237253308296204,0.46135684847831726,0.0149178272113204,0.4613567888736725,1.5668299198150635,4.0,0.14552980661392212,0.16908305883407593,0.8493658900260925,,,-5.866359970241319e-06,-0.0010594269260764122,0.8162167072296143,,0.0002968287153635174,-8.453626651316881e-05,0.006048529874533415,0.03209572657942772
8,model.layers.22.mlp.gate_proj.weight,3584,1024,0.00027901785714285713,0.0002135424583684653,3.219738483428955,-5.69923322473187e-05,0.23047660291194916,0.0005962353316135705,0.18247665464878082,0.2634095251560211,0.006540883332490921,0.5615562200546265,1.5254602432250977,1.000301718711853,27.469541549682617,-0.006537408567965031,0.007053307723253965,0.07872843742370605,0.4688616693019867,0.4524098336696625,0.07872843742370605,0.4524098038673401,0.9483293890953064,,,,,0.4992721676826477,0.5196859836578369,,,,,,,,
8,model.layers.22.mlp.up_proj.weight,3584,1024,0.00027901785714285713,0.00020095097715966403,2.623579740524292,0.0003715053608175367,0.5347279906272888,0.0009040914010256529,0.17630764842033386,0.291231244802475,0.013085239566862583,0.5732111930847168,1.5060583353042603,1.0003185272216797,79.82943725585938,-0.03824101388454437,0.007043160032480955,0.01231491006910801,0.4734850823879242,0.51419997215271,0.012314911000430584,0.51419997215271,1.5649075508117676,,,,,,,,,,,,,,
8,model.layers.22.mlp.down_proj.weight,1024,3584,0.00027901785714285713,0.00040213909232988954,2.5099315643310547,0.0004398587334435433,0.4893206059932709,0.00014320413174573332,0.1015404686331749,0.4252731502056122,0.0053471787832677364,0.5868207216262817,1.475775122642517,1.000314474105835,83.52293395996094,-0.00458423001691699,0.00710306828841567,0.015262921340763569,0.4138656258583069,0.5708714127540588,0.015262920409440994,0.5708714723587036,1.5481122732162476,4.0,0.16257989406585693,0.17288368940353394,0.7931903600692749,,,4.564260052575264e-06,-0.0037272567860782146,0.25722774863243103,,-0.0014419890940189362,-0.0016870286781340837,0.02000552974641323,0.10750842094421387
8,model.layers.1.linear_attn.in_proj_qkv.weight,6144,1024,0.00016276041666666666,0.00010047531395684928,2.8072621822357178,-0.0005947558674961329,0.40835702419281006,0.0005361319053918123,0.18773894011974335,0.2682686746120453,0.007958046160638332,0.5211005806922913,1.5331100225448608,1.0003018379211426,81.58525085449219,-0.03211963549256325,0.009112321771681309,0.04578473046422005,0.5063694715499878,0.44784578680992126,0.04578473046422005,0.4478457570075989,1.0069011449813843,4.0,0.1659676432609558,0.15880291163921356,0.8231525421142578,,,-4.53173970527132e-06,-0.0019560439977794886,0.08700354397296906,,-0.002731527667492628,-0.004515996668487787,-0.004939395003020763,0.056744176894426346
8,model.layers.1.linear_attn.out_proj.weight,1024,2048,0.00048828125,0.0003392673679627478,1.3309658765792847,-0.0007398890447802842,1.0619264841079712,0.0006146230734884739,0.11296945810317993,0.38036274909973145,0.018341410905122757,0.5273416638374329,1.4510236978530884,1.000299334526062,20.790224075317383,0.04575515538454056,0.005274685099720955,0.07640039920806885,0.4581347107887268,0.46546489000320435,0.07640040665864944,0.46546489000320435,0.9995258450508118,,,,,,,,,,,,,,
8,model.layers.12.linear_attn.in_proj_qkv.weight,6144,1024,0.00016276041666666666,7.028227992122993e-05,2.3699042797088623,3.697143620229326e-05,0.5554589629173279,0.0004618759558070451,0.1580238789319992,0.26007992029190063,0.0036203658673912287,0.5930300354957581,1.550654411315918,1.0003089904785156,64.4721908569336,0.008235755376517773,0.009148404002189636,0.034384019672870636,0.5429810285568237,0.42263492941856384,0.034384019672870636,0.42263492941856384,1.2498832941055298,4.0,0.1553354412317276,0.1598004847764969,0.8030933141708374,,,1.1171642881890875e-06,-0.0017270012758672237,0.09060721099376678,,-0.0031671985052525997,-0.0016544798854738474,-0.0017754712607711554,0.08008609712123871
8,model.layers.12.linear_attn.out_proj.weight,1024,2048,0.00048828125,0.0002858801162801683,2.5434200763702393,0.0003036832786165178,0.8126479387283325,5.60214975848794e-05,0.1626102477312088,0.33282479643821716,0.019969282671809196,0.5113365650177002,1.4253746271133423,1.000320553779602,72.5738754272461,-0.018236465752124786,0.005292041692882776,0.016226643696427345,0.4567023813724518,0.5270709991455078,0.016226643696427345,0.5270709991455078,1.5467872619628906,,,,,,,,,,,,,,
8,model.layers.21.linear_attn.in_proj_qkv.weight,6144,1024,0.00016276041666666666,8.138845441862941e-05,2.882490634918213,0.00013187590229790658,0.1598304957151413,0.0013971534790471196,0.16588686406612396,0.2722417712211609,0.008674448356032372,0.5967679023742676,1.5442755222320557,1.000313401222229,24.275100708007812,-0.023414069786667824,0.009252149611711502,0.05342516303062439,0.4810520112514496,0.465522825717926,0.05342516303062439,0.465522825717926,1.400026559829712,4.0,0.1510683000087738,0.16341014206409454,0.8203189373016357,,,-5.111765517540334e-07,-1.8493101379135624e-05,0.009371230378746986,,-0.00010566229320829734,0.00021280728105921298,-0.0032870001159608364,0.04335113242268562
8,model.layers.21.linear_attn.out_proj.weight,1024,2048,0.00048828125,0.00034989629057236016,2.763073682785034,2.5888957679853775e-06,0.29989275336265564,9.123457130044699e-05,0.13978928327560425,0.36820971965789795,0.006140421610325575,0.5569247007369995,1.4845170974731445,1.0003182888031006,57.756568908691406,0.045807961374521255,0.00539441267028451,0.020486297085881233,0.4248582720756531,0.5546554327011108,0.020486295223236084,0.5546554327011108,1.413727045059204,,,,,,,,,,,,,,
